"zone.id","time.standard","gmt.offset","dst","zone.names"
1,"LMT",364,0,"Europe/Andorra"
1,"WET",0,0,"Europe/Andorra"
1,"CET",3600,0,"Europe/Andorra"
1,"CEST",7200,1,"Europe/Andorra"
2,"LMT",13272,0,"Asia/Dubai"
2,"+04",14400,0,"Asia/Dubai"
3,"LMT",16608,0,"Asia/Kabul"
3,"+04",14400,0,"Asia/Kabul"
3,"+0430",16200,0,"Asia/Kabul"
4,"LMT",-14764,0,"America/Antigua"
4,"AST",-14400,0,"America/Antigua"
5,"LMT",-14764,0,"America/Anguilla"
5,"AST",-14400,0,"America/Anguilla"
6,"LMT",4760,0,"Europe/Tirane"
6,"CET",3600,0,"Europe/Tirane"
6,"CEST",7200,1,"Europe/Tirane"
7,"LMT",10680,0,"Asia/Yerevan"
7,"+03",10800,0,"Asia/Yerevan"
7,"+04",14400,0,"Asia/Yerevan"
7,"+05",18000,1,"Asia/Yerevan"
7,"+04",14400,1,"Asia/Yerevan"
8,"LMT",816,0,"Africa/Luanda"
8,"WAT",3600,0,"Africa/Luanda"
9,"LMT",41944,0,"Antarctica/McMurdo"
9,"NZMT",41400,0,"Antarctica/McMurdo"
9,"NZST",45000,1,"Antarctica/McMurdo"
9,"NZST",43200,1,"Antarctica/McMurdo"
9,"NZDT",46800,1,"Antarctica/McMurdo"
9,"NZST",43200,0,"Antarctica/McMurdo"
10,"+08",28800,0,"Antarctica/Casey"
10,"+11",39600,0,"Antarctica/Casey"
11,"+07",25200,0,"Antarctica/Davis"
11,"+05",18000,0,"Antarctica/Davis"
12,"+10",36000,0,"Antarctica/DumontDUrville"
13,"+06",21600,0,"Antarctica/Mawson"
13,"+05",18000,0,"Antarctica/Mawson"
14,"-03",-10800,1,"Antarctica/Palmer"
14,"-04",-14400,0,"Antarctica/Palmer"
14,"-03",-10800,0,"Antarctica/Palmer"
14,"-02",-7200,1,"Antarctica/Palmer"
15,"-03",-10800,0,"Antarctica/Rothera"
16,"+03",10800,0,"Antarctica/Syowa"
17,"+02",7200,1,"Antarctica/Troll"
18,"+06",21600,0,"Antarctica/Vostok"
19,"LMT",-14028,0,"America/Argentina/Buenos_Aires"
19,"CMT",-15408,0,"America/Argentina/Buenos_Aires"
19,"-04",-14400,0,"America/Argentina/Buenos_Aires"
19,"-03",-10800,1,"America/Argentina/Buenos_Aires"
19,"-03",-10800,0,"America/Argentina/Buenos_Aires"
19,"-02",-7200,1,"America/Argentina/Buenos_Aires"
20,"LMT",-15408,0,"America/Argentina/Cordoba"
20,"CMT",-15408,0,"America/Argentina/Cordoba"
20,"-04",-14400,0,"America/Argentina/Cordoba"
20,"-03",-10800,1,"America/Argentina/Cordoba"
20,"-03",-10800,0,"America/Argentina/Cordoba"
20,"-02",-7200,1,"America/Argentina/Cordoba"
21,"LMT",-15700,0,"America/Argentina/Salta"
21,"CMT",-15408,0,"America/Argentina/Salta"
21,"-04",-14400,0,"America/Argentina/Salta"
21,"-03",-10800,1,"America/Argentina/Salta"
21,"-03",-10800,0,"America/Argentina/Salta"
21,"-02",-7200,1,"America/Argentina/Salta"
22,"LMT",-15672,0,"America/Argentina/Jujuy"
22,"CMT",-15408,0,"America/Argentina/Jujuy"
22,"-04",-14400,0,"America/Argentina/Jujuy"
22,"-03",-10800,1,"America/Argentina/Jujuy"
22,"-03",-10800,0,"America/Argentina/Jujuy"
22,"-02",-7200,1,"America/Argentina/Jujuy"
23,"LMT",-15652,0,"America/Argentina/Tucuman"
23,"CMT",-15408,0,"America/Argentina/Tucuman"
23,"-04",-14400,0,"America/Argentina/Tucuman"
23,"-03",-10800,1,"America/Argentina/Tucuman"
23,"-03",-10800,0,"America/Argentina/Tucuman"
23,"-02",-7200,1,"America/Argentina/Tucuman"
24,"LMT",-15788,0,"America/Argentina/Catamarca"
24,"CMT",-15408,0,"America/Argentina/Catamarca"
24,"-04",-14400,0,"America/Argentina/Catamarca"
24,"-03",-10800,1,"America/Argentina/Catamarca"
24,"-03",-10800,0,"America/Argentina/Catamarca"
24,"-02",-7200,1,"America/Argentina/Catamarca"
25,"LMT",-16044,0,"America/Argentina/La_Rioja"
25,"CMT",-15408,0,"America/Argentina/La_Rioja"
25,"-04",-14400,0,"America/Argentina/La_Rioja"
25,"-03",-10800,1,"America/Argentina/La_Rioja"
25,"-03",-10800,0,"America/Argentina/La_Rioja"
25,"-02",-7200,1,"America/Argentina/La_Rioja"
26,"LMT",-16444,0,"America/Argentina/San_Juan"
26,"CMT",-15408,0,"America/Argentina/San_Juan"
26,"-04",-14400,0,"America/Argentina/San_Juan"
26,"-03",-10800,1,"America/Argentina/San_Juan"
26,"-03",-10800,0,"America/Argentina/San_Juan"
26,"-02",-7200,1,"America/Argentina/San_Juan"
27,"LMT",-16516,0,"America/Argentina/Mendoza"
27,"CMT",-15408,0,"America/Argentina/Mendoza"
27,"-04",-14400,0,"America/Argentina/Mendoza"
27,"-03",-10800,1,"America/Argentina/Mendoza"
27,"-03",-10800,0,"America/Argentina/Mendoza"
27,"-02",-7200,1,"America/Argentina/Mendoza"
28,"LMT",-15924,0,"America/Argentina/San_Luis"
28,"CMT",-15408,0,"America/Argentina/San_Luis"
28,"-04",-14400,0,"America/Argentina/San_Luis"
28,"-03",-10800,1,"America/Argentina/San_Luis"
28,"-03",-10800,0,"America/Argentina/San_Luis"
28,"-02",-7200,1,"America/Argentina/San_Luis"
29,"LMT",-16612,0,"America/Argentina/Rio_Gallegos"
29,"CMT",-15408,0,"America/Argentina/Rio_Gallegos"
29,"-04",-14400,0,"America/Argentina/Rio_Gallegos"
29,"-03",-10800,1,"America/Argentina/Rio_Gallegos"
29,"-03",-10800,0,"America/Argentina/Rio_Gallegos"
29,"-02",-7200,1,"America/Argentina/Rio_Gallegos"
30,"LMT",-16392,0,"America/Argentina/Ushuaia"
30,"CMT",-15408,0,"America/Argentina/Ushuaia"
30,"-04",-14400,0,"America/Argentina/Ushuaia"
30,"-03",-10800,1,"America/Argentina/Ushuaia"
30,"-03",-10800,0,"America/Argentina/Ushuaia"
30,"-02",-7200,1,"America/Argentina/Ushuaia"
31,"LMT",45432,0,"Pacific/Pago_Pago"
31,"LMT",-40968,0,"Pacific/Pago_Pago"
31,"SST",-39600,0,"Pacific/Pago_Pago"
32,"LMT",3921,0,"Europe/Vienna"
32,"CET",3600,0,"Europe/Vienna"
32,"CEST",7200,1,"Europe/Vienna"
33,"LMT",38180,0,"Australia/Lord_Howe"
33,"AEST",36000,0,"Australia/Lord_Howe"
33,"+1030",37800,0,"Australia/Lord_Howe"
33,"+1130",41400,1,"Australia/Lord_Howe"
33,"+11",39600,1,"Australia/Lord_Howe"
34,"AEST",36000,0,"Antarctica/Macquarie"
34,"AEDT",39600,1,"Antarctica/Macquarie"
34,"+11",39600,0,"Antarctica/Macquarie"
35,"LMT",35356,0,"Australia/Hobart"
35,"AEST",36000,0,"Australia/Hobart"
35,"AEDT",39600,1,"Australia/Hobart"
36,"LMT",34528,0,"Australia/Currie"
36,"AEST",36000,0,"Australia/Currie"
36,"AEDT",39600,1,"Australia/Currie"
37,"LMT",34792,0,"Australia/Melbourne"
37,"AEST",36000,0,"Australia/Melbourne"
37,"AEDT",39600,1,"Australia/Melbourne"
38,"LMT",36292,0,"Australia/Sydney"
38,"AEST",36000,0,"Australia/Sydney"
38,"AEDT",39600,1,"Australia/Sydney"
39,"LMT",33948,0,"Australia/Broken_Hill"
39,"AEST",36000,0,"Australia/Broken_Hill"
39,"ACST",32400,0,"Australia/Broken_Hill"
39,"ACST",34200,0,"Australia/Broken_Hill"
39,"ACDT",37800,1,"Australia/Broken_Hill"
40,"LMT",36728,0,"Australia/Brisbane"
40,"AEST",36000,0,"Australia/Brisbane"
40,"AEDT",39600,1,"Australia/Brisbane"
41,"LMT",35756,0,"Australia/Lindeman"
41,"AEST",36000,0,"Australia/Lindeman"
41,"AEDT",39600,1,"Australia/Lindeman"
42,"LMT",33260,0,"Australia/Adelaide"
42,"ACST",32400,0,"Australia/Adelaide"
42,"ACST",34200,0,"Australia/Adelaide"
42,"ACDT",37800,1,"Australia/Adelaide"
43,"LMT",31400,0,"Australia/Darwin"
43,"ACST",32400,0,"Australia/Darwin"
43,"ACST",34200,0,"Australia/Darwin"
43,"ACDT",37800,1,"Australia/Darwin"
44,"LMT",27804,0,"Australia/Perth"
44,"AWST",28800,0,"Australia/Perth"
44,"AWDT",32400,1,"Australia/Perth"
45,"LMT",30928,0,"Australia/Eucla"
45,"+0845",31500,0,"Australia/Eucla"
45,"+0945",35100,1,"Australia/Eucla"
46,"LMT",-16547,0,"America/Aruba"
46,"-0430",-16200,0,"America/Aruba"
46,"AST",-14400,0,"America/Aruba"
47,"LMT",5989,0,"Europe/Mariehamn"
47,"HMT",5989,0,"Europe/Mariehamn"
47,"EET",7200,0,"Europe/Mariehamn"
47,"EEST",10800,1,"Europe/Mariehamn"
48,"LMT",11964,0,"Asia/Baku"
48,"+03",10800,0,"Asia/Baku"
48,"+04",14400,0,"Asia/Baku"
48,"+05",18000,1,"Asia/Baku"
48,"+04",14400,1,"Asia/Baku"
49,"LMT",4920,0,"Europe/Sarajevo"
49,"CET",3600,0,"Europe/Sarajevo"
49,"CEST",7200,1,"Europe/Sarajevo"
50,"LMT",-14309,0,"America/Barbados"
50,"BMT",-14309,0,"America/Barbados"
50,"AST",-14400,0,"America/Barbados"
50,"ADT",-10800,1,"America/Barbados"
51,"LMT",21700,0,"Asia/Dhaka"
51,"HMT",21200,0,"Asia/Dhaka"
51,"+0630",23400,0,"Asia/Dhaka"
51,"+0530",19800,0,"Asia/Dhaka"
51,"+06",21600,0,"Asia/Dhaka"
51,"+07",25200,1,"Asia/Dhaka"
52,"LMT",1050,0,"Europe/Brussels"
52,"BMT",1050,0,"Europe/Brussels"
52,"WET",0,0,"Europe/Brussels"
52,"CET",3600,0,"Europe/Brussels"
52,"CEST",7200,1,"Europe/Brussels"
52,"WEST",3600,1,"Europe/Brussels"
53,"LMT",-968,0,"Africa/Ouagadougou"
53,"GMT",0,0,"Africa/Ouagadougou"
54,"LMT",5596,0,"Europe/Sofia"
54,"IMT",7016,0,"Europe/Sofia"
54,"EET",7200,0,"Europe/Sofia"
54,"CET",3600,0,"Europe/Sofia"
54,"CEST",7200,1,"Europe/Sofia"
54,"EEST",10800,1,"Europe/Sofia"
55,"LMT",12368,0,"Asia/Bahrain"
55,"+04",14400,0,"Asia/Bahrain"
55,"+03",10800,0,"Asia/Bahrain"
56,"LMT",7820,0,"Africa/Bujumbura"
56,"CAT",7200,0,"Africa/Bujumbura"
57,"LMT",816,0,"Africa/Porto-Novo"
57,"WAT",3600,0,"Africa/Porto-Novo"
58,"LMT",-14764,0,"America/St_Barthelemy"
58,"AST",-14400,0,"America/St_Barthelemy"
59,"LMT",-15558,0,"Atlantic/Bermuda"
59,"AST",-14400,0,"Atlantic/Bermuda"
59,"ADT",-10800,1,"Atlantic/Bermuda"
60,"LMT",27580,0,"Asia/Brunei"
60,"+0730",27000,0,"Asia/Brunei"
60,"+08",28800,0,"Asia/Brunei"
61,"LMT",-16356,0,"America/La_Paz"
61,"CMT",-16356,0,"America/La_Paz"
61,"BOST",-12756,1,"America/La_Paz"
61,"-04",-14400,0,"America/La_Paz"
62,"LMT",-16547,0,"America/Kralendijk"
62,"-0430",-16200,0,"America/Kralendijk"
62,"AST",-14400,0,"America/Kralendijk"
63,"LMT",-7780,0,"America/Noronha"
63,"-02",-7200,0,"America/Noronha"
63,"-01",-3600,1,"America/Noronha"
64,"LMT",-11636,0,"America/Belem"
64,"-03",-10800,0,"America/Belem"
64,"-02",-7200,1,"America/Belem"
65,"LMT",-9240,0,"America/Fortaleza"
65,"-03",-10800,0,"America/Fortaleza"
65,"-02",-7200,1,"America/Fortaleza"
66,"LMT",-8376,0,"America/Recife"
66,"-03",-10800,0,"America/Recife"
66,"-02",-7200,1,"America/Recife"
67,"LMT",-11568,0,"America/Araguaina"
67,"-03",-10800,0,"America/Araguaina"
67,"-02",-7200,1,"America/Araguaina"
68,"LMT",-8572,0,"America/Maceio"
68,"-03",-10800,0,"America/Maceio"
68,"-02",-7200,1,"America/Maceio"
69,"LMT",-9244,0,"America/Bahia"
69,"-03",-10800,0,"America/Bahia"
69,"-02",-7200,1,"America/Bahia"
70,"LMT",-11188,0,"America/Sao_Paulo"
70,"-03",-10800,0,"America/Sao_Paulo"
70,"-02",-7200,1,"America/Sao_Paulo"
71,"LMT",-13108,0,"America/Campo_Grande"
71,"-04",-14400,0,"America/Campo_Grande"
71,"-03",-10800,1,"America/Campo_Grande"
72,"LMT",-13460,0,"America/Cuiaba"
72,"-04",-14400,0,"America/Cuiaba"
72,"-03",-10800,1,"America/Cuiaba"
73,"LMT",-13128,0,"America/Santarem"
73,"-04",-14400,0,"America/Santarem"
73,"-03",-10800,1,"America/Santarem"
73,"-03",-10800,0,"America/Santarem"
74,"LMT",-15336,0,"America/Porto_Velho"
74,"-04",-14400,0,"America/Porto_Velho"
74,"-03",-10800,1,"America/Porto_Velho"
75,"LMT",-14560,0,"America/Boa_Vista"
75,"-04",-14400,0,"America/Boa_Vista"
75,"-03",-10800,1,"America/Boa_Vista"
76,"LMT",-14404,0,"America/Manaus"
76,"-04",-14400,0,"America/Manaus"
76,"-03",-10800,1,"America/Manaus"
77,"LMT",-16768,0,"America/Eirunepe"
77,"-05",-18000,0,"America/Eirunepe"
77,"-04",-14400,1,"America/Eirunepe"
77,"-04",-14400,0,"America/Eirunepe"
78,"LMT",-16272,0,"America/Rio_Branco"
78,"-05",-18000,0,"America/Rio_Branco"
78,"-04",-14400,1,"America/Rio_Branco"
78,"-04",-14400,0,"America/Rio_Branco"
79,"LMT",-18570,0,"America/Nassau"
79,"EST",-18000,0,"America/Nassau"
79,"EDT",-14400,1,"America/Nassau"
80,"LMT",21516,0,"Asia/Thimphu"
80,"+0530",19800,0,"Asia/Thimphu"
80,"+06",21600,0,"Asia/Thimphu"
81,"LMT",7820,0,"Africa/Gaborone"
81,"CAT",7200,0,"Africa/Gaborone"
82,"LMT",6616,0,"Europe/Minsk"
82,"MMT",6600,0,"Europe/Minsk"
82,"EET",7200,0,"Europe/Minsk"
82,"MSK",10800,0,"Europe/Minsk"
82,"CEST",7200,1,"Europe/Minsk"
82,"CET",3600,0,"Europe/Minsk"
82,"MSD",14400,1,"Europe/Minsk"
82,"EEST",10800,1,"Europe/Minsk"
82,"+03",10800,0,"Europe/Minsk"
83,"LMT",-21168,0,"America/Belize"
83,"CST",-21600,0,"America/Belize"
83,"-0530",-19800,1,"America/Belize"
83,"CDT",-18000,1,"America/Belize"
84,"LMT",-12652,0,"America/St_Johns"
84,"NST",-12652,0,"America/St_Johns"
84,"NDT",-9052,1,"America/St_Johns"
84,"NST",-12600,0,"America/St_Johns"
84,"NDT",-9000,1,"America/St_Johns"
84,"NWT",-9000,1,"America/St_Johns"
84,"NPT",-9000,1,"America/St_Johns"
84,"NDDT",-5400,1,"America/St_Johns"
85,"LMT",-15264,0,"America/Halifax"
85,"AST",-14400,0,"America/Halifax"
85,"ADT",-10800,1,"America/Halifax"
85,"AWT",-10800,1,"America/Halifax"
85,"APT",-10800,1,"America/Halifax"
86,"LMT",-14388,0,"America/Glace_Bay"
86,"AST",-14400,0,"America/Glace_Bay"
86,"ADT",-10800,1,"America/Glace_Bay"
86,"AWT",-10800,1,"America/Glace_Bay"
86,"APT",-10800,1,"America/Glace_Bay"
87,"LMT",-15548,0,"America/Moncton"
87,"EST",-18000,0,"America/Moncton"
87,"AST",-14400,0,"America/Moncton"
87,"ADT",-10800,1,"America/Moncton"
87,"AWT",-10800,1,"America/Moncton"
87,"APT",-10800,1,"America/Moncton"
88,"LMT",-14500,0,"America/Goose_Bay"
88,"NST",-12652,0,"America/Goose_Bay"
88,"NDT",-9052,1,"America/Goose_Bay"
88,"NST",-12600,0,"America/Goose_Bay"
88,"NDT",-9000,1,"America/Goose_Bay"
88,"NWT",-9000,1,"America/Goose_Bay"
88,"NPT",-9000,1,"America/Goose_Bay"
88,"AST",-14400,0,"America/Goose_Bay"
88,"ADT",-10800,1,"America/Goose_Bay"
88,"ADDT",-7200,1,"America/Goose_Bay"
89,"LMT",-13708,0,"America/Blanc-Sablon"
89,"AST",-14400,0,"America/Blanc-Sablon"
89,"ADT",-10800,1,"America/Blanc-Sablon"
89,"AWT",-10800,1,"America/Blanc-Sablon"
89,"APT",-10800,1,"America/Blanc-Sablon"
90,"LMT",-19052,0,"America/Toronto"
90,"EST",-18000,0,"America/Toronto"
90,"EDT",-14400,1,"America/Toronto"
90,"EWT",-14400,1,"America/Toronto"
90,"EPT",-14400,1,"America/Toronto"
91,"LMT",-21184,0,"America/Nipigon"
91,"EST",-18000,0,"America/Nipigon"
91,"EDT",-14400,1,"America/Nipigon"
91,"EWT",-14400,1,"America/Nipigon"
91,"EPT",-14400,1,"America/Nipigon"
92,"LMT",-21420,0,"America/Thunder_Bay"
92,"CST",-21600,0,"America/Thunder_Bay"
92,"EST",-18000,0,"America/Thunder_Bay"
92,"EWT",-14400,1,"America/Thunder_Bay"
92,"EPT",-14400,1,"America/Thunder_Bay"
92,"EDT",-14400,1,"America/Thunder_Bay"
93,"EWT",-14400,1,"America/Iqaluit"
93,"EPT",-14400,1,"America/Iqaluit"
93,"EST",-18000,0,"America/Iqaluit"
93,"EDDT",-10800,1,"America/Iqaluit"
93,"EDT",-14400,1,"America/Iqaluit"
93,"CST",-21600,0,"America/Iqaluit"
93,"CDT",-18000,1,"America/Iqaluit"
94,"AST",-14400,0,"America/Pangnirtung"
94,"AWT",-10800,1,"America/Pangnirtung"
94,"APT",-10800,1,"America/Pangnirtung"
94,"ADDT",-7200,1,"America/Pangnirtung"
94,"ADT",-10800,1,"America/Pangnirtung"
94,"EDT",-14400,1,"America/Pangnirtung"
94,"EST",-18000,0,"America/Pangnirtung"
94,"CST",-21600,0,"America/Pangnirtung"
94,"CDT",-18000,1,"America/Pangnirtung"
95,"LMT",-21988,0,"America/Atikokan"
95,"CST",-21600,0,"America/Atikokan"
95,"CDT",-18000,1,"America/Atikokan"
95,"CWT",-18000,1,"America/Atikokan"
95,"CPT",-18000,1,"America/Atikokan"
95,"EST",-18000,0,"America/Atikokan"
96,"LMT",-23316,0,"America/Winnipeg"
96,"CST",-21600,0,"America/Winnipeg"
96,"CDT",-18000,1,"America/Winnipeg"
96,"CWT",-18000,1,"America/Winnipeg"
96,"CPT",-18000,1,"America/Winnipeg"
97,"LMT",-22696,0,"America/Rainy_River"
97,"CST",-21600,0,"America/Rainy_River"
97,"CDT",-18000,1,"America/Rainy_River"
97,"CWT",-18000,1,"America/Rainy_River"
97,"CPT",-18000,1,"America/Rainy_River"
98,"CST",-21600,0,"America/Resolute"
98,"CDDT",-14400,1,"America/Resolute"
98,"CDT",-18000,1,"America/Resolute"
98,"EST",-18000,0,"America/Resolute"
99,"CST",-21600,0,"America/Rankin_Inlet"
99,"CDDT",-14400,1,"America/Rankin_Inlet"
99,"CDT",-18000,1,"America/Rankin_Inlet"
99,"EST",-18000,0,"America/Rankin_Inlet"
100,"LMT",-25116,0,"America/Regina"
100,"MST",-25200,0,"America/Regina"
100,"MDT",-21600,1,"America/Regina"
100,"MWT",-21600,1,"America/Regina"
100,"MPT",-21600,1,"America/Regina"
100,"CST",-21600,0,"America/Regina"
101,"LMT",-25880,0,"America/Swift_Current"
101,"MST",-25200,0,"America/Swift_Current"
101,"MDT",-21600,1,"America/Swift_Current"
101,"MWT",-21600,1,"America/Swift_Current"
101,"MPT",-21600,1,"America/Swift_Current"
101,"CST",-21600,0,"America/Swift_Current"
102,"LMT",-27232,0,"America/Edmonton"
102,"MST",-25200,0,"America/Edmonton"
102,"MDT",-21600,1,"America/Edmonton"
102,"MWT",-21600,1,"America/Edmonton"
102,"MPT",-21600,1,"America/Edmonton"
103,"MST",-25200,0,"America/Cambridge_Bay"
103,"MWT",-21600,1,"America/Cambridge_Bay"
103,"MPT",-21600,1,"America/Cambridge_Bay"
103,"MDDT",-18000,1,"America/Cambridge_Bay"
103,"MDT",-21600,1,"America/Cambridge_Bay"
103,"CST",-21600,0,"America/Cambridge_Bay"
103,"CDT",-18000,1,"America/Cambridge_Bay"
103,"EST",-18000,0,"America/Cambridge_Bay"
104,"MST",-25200,0,"America/Yellowknife"
104,"MWT",-21600,1,"America/Yellowknife"
104,"MPT",-21600,1,"America/Yellowknife"
104,"MDDT",-18000,1,"America/Yellowknife"
104,"MDT",-21600,1,"America/Yellowknife"
105,"PST",-28800,0,"America/Inuvik"
105,"PDDT",-21600,1,"America/Inuvik"
105,"MST",-25200,0,"America/Inuvik"
105,"MDT",-21600,1,"America/Inuvik"
106,"LMT",-27964,0,"America/Creston"
106,"MST",-25200,0,"America/Creston"
106,"PST",-28800,0,"America/Creston"
107,"LMT",-28856,0,"America/Dawson_Creek"
107,"PST",-28800,0,"America/Dawson_Creek"
107,"PDT",-25200,1,"America/Dawson_Creek"
107,"PWT",-25200,1,"America/Dawson_Creek"
107,"PPT",-25200,1,"America/Dawson_Creek"
107,"MST",-25200,0,"America/Dawson_Creek"
108,"LMT",-29447,0,"America/Fort_Nelson"
108,"PST",-28800,0,"America/Fort_Nelson"
108,"PDT",-25200,1,"America/Fort_Nelson"
108,"PWT",-25200,1,"America/Fort_Nelson"
108,"PPT",-25200,1,"America/Fort_Nelson"
108,"MST",-25200,0,"America/Fort_Nelson"
109,"LMT",-29548,0,"America/Vancouver"
109,"PST",-28800,0,"America/Vancouver"
109,"PDT",-25200,1,"America/Vancouver"
109,"PWT",-25200,1,"America/Vancouver"
109,"PPT",-25200,1,"America/Vancouver"
110,"LMT",-32412,0,"America/Whitehorse"
110,"YST",-32400,0,"America/Whitehorse"
110,"YDT",-28800,1,"America/Whitehorse"
110,"YWT",-28800,1,"America/Whitehorse"
110,"YPT",-28800,1,"America/Whitehorse"
110,"YDDT",-25200,1,"America/Whitehorse"
110,"PST",-28800,0,"America/Whitehorse"
110,"PDT",-25200,1,"America/Whitehorse"
111,"LMT",-33460,0,"America/Dawson"
111,"YST",-32400,0,"America/Dawson"
111,"YDT",-28800,1,"America/Dawson"
111,"YWT",-28800,1,"America/Dawson"
111,"YPT",-28800,1,"America/Dawson"
111,"YDDT",-25200,1,"America/Dawson"
111,"PST",-28800,0,"America/Dawson"
111,"PDT",-25200,1,"America/Dawson"
112,"LMT",23260,0,"Indian/Cocos"
112,"+0630",23400,0,"Indian/Cocos"
113,"LMT",816,0,"Africa/Kinshasa"
113,"WAT",3600,0,"Africa/Kinshasa"
114,"LMT",7820,0,"Africa/Lubumbashi"
114,"CAT",7200,0,"Africa/Lubumbashi"
115,"LMT",816,0,"Africa/Bangui"
115,"WAT",3600,0,"Africa/Bangui"
116,"LMT",816,0,"Africa/Brazzaville"
116,"WAT",3600,0,"Africa/Brazzaville"
117,"LMT",2048,0,"Europe/Zurich"
117,"BMT",1786,0,"Europe/Zurich"
117,"CET",3600,0,"Europe/Zurich"
117,"CEST",7200,1,"Europe/Zurich"
118,"LMT",-968,0,"Africa/Abidjan"
118,"GMT",0,0,"Africa/Abidjan"
119,"LMT",-38344,0,"Pacific/Rarotonga"
119,"-1030",-37800,0,"Pacific/Rarotonga"
119,"-0930",-34200,1,"Pacific/Rarotonga"
119,"-10",-36000,0,"Pacific/Rarotonga"
120,"LMT",-16966,0,"America/Santiago"
120,"SMT",-16966,0,"America/Santiago"
120,"-05",-18000,0,"America/Santiago"
120,"-04",-14400,0,"America/Santiago"
120,"-04",-14400,1,"America/Santiago"
120,"-03",-10800,1,"America/Santiago"
121,"LMT",-17020,0,"America/Punta_Arenas"
121,"SMT",-16966,0,"America/Punta_Arenas"
121,"-05",-18000,0,"America/Punta_Arenas"
121,"-04",-14400,0,"America/Punta_Arenas"
121,"-04",-14400,1,"America/Punta_Arenas"
121,"-03",-10800,1,"America/Punta_Arenas"
122,"LMT",-26248,0,"Pacific/Easter"
122,"EMT",-26248,0,"Pacific/Easter"
122,"-07",-25200,0,"Pacific/Easter"
122,"-06",-21600,1,"Pacific/Easter"
122,"-05",-18000,1,"Pacific/Easter"
122,"-06",-21600,0,"Pacific/Easter"
123,"LMT",816,0,"Africa/Douala"
123,"WAT",3600,0,"Africa/Douala"
124,"LMT",29143,0,"Asia/Shanghai"
124,"CST",28800,0,"Asia/Shanghai"
124,"CDT",32400,1,"Asia/Shanghai"
125,"LMT",21020,0,"Asia/Urumqi"
125,"+06",21600,0,"Asia/Urumqi"
126,"LMT",-17776,0,"America/Bogota"
126,"BMT",-17776,0,"America/Bogota"
126,"-05",-18000,0,"America/Bogota"
126,"-04",-14400,1,"America/Bogota"
127,"LMT",-20173,0,"America/Costa_Rica"
127,"SJMT",-20173,0,"America/Costa_Rica"
127,"CST",-21600,0,"America/Costa_Rica"
127,"CDT",-18000,1,"America/Costa_Rica"
128,"LMT",-19768,0,"America/Havana"
128,"HMT",-19776,0,"America/Havana"
128,"CST",-18000,0,"America/Havana"
128,"CDT",-14400,1,"America/Havana"
129,"LMT",-5644,0,"Atlantic/Cape_Verde"
129,"-02",-7200,0,"Atlantic/Cape_Verde"
129,"-01",-3600,1,"Atlantic/Cape_Verde"
129,"-01",-3600,0,"Atlantic/Cape_Verde"
130,"LMT",-16547,0,"America/Curacao"
130,"-0430",-16200,0,"America/Curacao"
130,"AST",-14400,0,"America/Curacao"
131,"LMT",25372,0,"Indian/Christmas"
131,"+07",25200,0,"Indian/Christmas"
132,"LMT",8008,0,"Asia/Nicosia"
132,"EET",7200,0,"Asia/Nicosia"
132,"EEST",10800,1,"Asia/Nicosia"
133,"LMT",8148,0,"Asia/Famagusta"
133,"EET",7200,0,"Asia/Famagusta"
133,"EEST",10800,1,"Asia/Famagusta"
133,"+03",10800,0,"Asia/Famagusta"
134,"LMT",3464,0,"Europe/Prague"
134,"PMT",3464,0,"Europe/Prague"
134,"CET",3600,0,"Europe/Prague"
134,"CEST",7200,1,"Europe/Prague"
135,"LMT",3208,0,"Europe/Berlin"
135,"CET",3600,0,"Europe/Berlin"
135,"CEST",7200,1,"Europe/Berlin"
135,"CEMT",10800,1,"Europe/Berlin"
136,"LMT",2048,0,"Europe/Busingen"
136,"BMT",1786,0,"Europe/Busingen"
136,"CET",3600,0,"Europe/Busingen"
136,"CEST",7200,1,"Europe/Busingen"
137,"LMT",8836,0,"Africa/Djibouti"
137,"EAT",10800,0,"Africa/Djibouti"
137,"+0230",9000,0,"Africa/Djibouti"
137,"+0245",9900,0,"Africa/Djibouti"
138,"LMT",3020,0,"Europe/Copenhagen"
138,"CMT",3020,0,"Europe/Copenhagen"
138,"CET",3600,0,"Europe/Copenhagen"
138,"CEST",7200,1,"Europe/Copenhagen"
139,"LMT",-14764,0,"America/Dominica"
139,"AST",-14400,0,"America/Dominica"
140,"LMT",-16776,0,"America/Santo_Domingo"
140,"SDMT",-16800,0,"America/Santo_Domingo"
140,"EST",-18000,0,"America/Santo_Domingo"
140,"EDT",-14400,1,"America/Santo_Domingo"
140,"-0430",-16200,1,"America/Santo_Domingo"
140,"AST",-14400,0,"America/Santo_Domingo"
141,"LMT",732,0,"Africa/Algiers"
141,"PMT",561,0,"Africa/Algiers"
141,"WET",0,0,"Africa/Algiers"
141,"WEST",3600,1,"Africa/Algiers"
141,"CET",3600,0,"Africa/Algiers"
141,"CEST",7200,1,"Africa/Algiers"
142,"LMT",-19160,0,"America/Guayaquil"
142,"QMT",-18840,0,"America/Guayaquil"
142,"-05",-18000,0,"America/Guayaquil"
142,"-04",-14400,1,"America/Guayaquil"
143,"LMT",-21504,0,"Pacific/Galapagos"
143,"-05",-18000,0,"Pacific/Galapagos"
143,"-06",-21600,0,"Pacific/Galapagos"
143,"-05",-18000,1,"Pacific/Galapagos"
144,"LMT",5940,0,"Europe/Tallinn"
144,"TMT",5940,0,"Europe/Tallinn"
144,"CET",3600,0,"Europe/Tallinn"
144,"CEST",7200,1,"Europe/Tallinn"
144,"EET",7200,0,"Europe/Tallinn"
144,"MSK",10800,0,"Europe/Tallinn"
144,"MSD",14400,1,"Europe/Tallinn"
144,"EEST",10800,1,"Europe/Tallinn"
145,"LMT",7509,0,"Africa/Cairo"
145,"EET",7200,0,"Africa/Cairo"
145,"EEST",10800,1,"Africa/Cairo"
146,"LMT",-3168,0,"Africa/El_Aaiun"
146,"-01",-3600,0,"Africa/El_Aaiun"
146,"WET",0,0,"Africa/El_Aaiun"
146,"WEST",3600,1,"Africa/El_Aaiun"
147,"LMT",8836,0,"Africa/Asmara"
147,"EAT",10800,0,"Africa/Asmara"
147,"+0230",9000,0,"Africa/Asmara"
147,"+0245",9900,0,"Africa/Asmara"
148,"LMT",-884,0,"Europe/Madrid"
148,"WET",0,0,"Europe/Madrid"
148,"WEST",3600,1,"Europe/Madrid"
148,"WEMT",7200,1,"Europe/Madrid"
148,"CET",3600,0,"Europe/Madrid"
148,"CEST",7200,1,"Europe/Madrid"
149,"LMT",-1276,0,"Africa/Ceuta"
149,"WET",0,0,"Africa/Ceuta"
149,"WEST",3600,1,"Africa/Ceuta"
149,"CET",3600,0,"Africa/Ceuta"
149,"CEST",7200,1,"Africa/Ceuta"
150,"LMT",-3696,0,"Atlantic/Canary"
150,"-01",-3600,0,"Atlantic/Canary"
150,"WET",0,0,"Atlantic/Canary"
150,"WEST",3600,1,"Atlantic/Canary"
151,"LMT",8836,0,"Africa/Addis_Ababa"
151,"EAT",10800,0,"Africa/Addis_Ababa"
151,"+0230",9000,0,"Africa/Addis_Ababa"
151,"+0245",9900,0,"Africa/Addis_Ababa"
152,"LMT",5989,0,"Europe/Helsinki"
152,"HMT",5989,0,"Europe/Helsinki"
152,"EET",7200,0,"Europe/Helsinki"
152,"EEST",10800,1,"Europe/Helsinki"
153,"LMT",42944,0,"Pacific/Fiji"
153,"+12",43200,0,"Pacific/Fiji"
153,"+13",46800,1,"Pacific/Fiji"
154,"LMT",-13884,0,"Atlantic/Stanley"
154,"SMT",-13884,0,"Atlantic/Stanley"
154,"-04",-14400,0,"Atlantic/Stanley"
154,"-03",-10800,1,"Atlantic/Stanley"
154,"-03",-10800,0,"Atlantic/Stanley"
154,"-02",-7200,1,"Atlantic/Stanley"
155,"LMT",36428,0,"Pacific/Chuuk"
155,"+10",36000,0,"Pacific/Chuuk"
156,"LMT",37972,0,"Pacific/Pohnpei"
156,"+11",39600,0,"Pacific/Pohnpei"
157,"LMT",39116,0,"Pacific/Kosrae"
157,"+11",39600,0,"Pacific/Kosrae"
157,"+12",43200,0,"Pacific/Kosrae"
158,"LMT",-1624,0,"Atlantic/Faroe"
158,"WET",0,0,"Atlantic/Faroe"
158,"WEST",3600,1,"Atlantic/Faroe"
159,"LMT",561,0,"Europe/Paris"
159,"PMT",561,0,"Europe/Paris"
159,"WET",0,0,"Europe/Paris"
159,"WEST",3600,1,"Europe/Paris"
159,"CEST",7200,1,"Europe/Paris"
159,"CET",3600,0,"Europe/Paris"
159,"WEMT",7200,1,"Europe/Paris"
160,"LMT",816,0,"Africa/Libreville"
160,"WAT",3600,0,"Africa/Libreville"
161,"LMT",-75,0,"Europe/London"
161,"GMT",0,0,"Europe/London"
161,"BST",3600,1,"Europe/London"
161,"BDST",7200,1,"Europe/London"
162,"LMT",-14764,0,"America/Grenada"
162,"AST",-14400,0,"America/Grenada"
163,"LMT",10751,0,"Asia/Tbilisi"
163,"TBMT",10751,0,"Asia/Tbilisi"
163,"+03",10800,0,"Asia/Tbilisi"
163,"+04",14400,0,"Asia/Tbilisi"
163,"+05",18000,1,"Asia/Tbilisi"
163,"+04",14400,1,"Asia/Tbilisi"
164,"LMT",-12560,0,"America/Cayenne"
164,"-04",-14400,0,"America/Cayenne"
164,"-03",-10800,0,"America/Cayenne"
165,"LMT",-75,0,"Europe/Guernsey"
165,"GMT",0,0,"Europe/Guernsey"
165,"BST",3600,1,"Europe/Guernsey"
165,"BDST",7200,1,"Europe/Guernsey"
166,"LMT",-52,0,"Africa/Accra"
166,"GMT",0,0,"Africa/Accra"
166,"+0020",1200,1,"Africa/Accra"
167,"LMT",-1284,0,"Europe/Gibraltar"
167,"GMT",0,0,"Europe/Gibraltar"
167,"BST",3600,1,"Europe/Gibraltar"
167,"BDST",7200,1,"Europe/Gibraltar"
167,"CET",3600,0,"Europe/Gibraltar"
167,"CEST",7200,1,"Europe/Gibraltar"
168,"LMT",-12416,0,"America/Godthab"
168,"-03",-10800,0,"America/Godthab"
168,"-02",-7200,1,"America/Godthab"
169,"LMT",-4480,0,"America/Danmarkshavn"
169,"-03",-10800,0,"America/Danmarkshavn"
169,"-02",-7200,1,"America/Danmarkshavn"
169,"GMT",0,0,"America/Danmarkshavn"
170,"LMT",-5272,0,"America/Scoresbysund"
170,"-02",-7200,0,"America/Scoresbysund"
170,"-01",-3600,1,"America/Scoresbysund"
170,"-01",-3600,0,"America/Scoresbysund"
171,"LMT",-16508,0,"America/Thule"
171,"AST",-14400,0,"America/Thule"
171,"ADT",-10800,1,"America/Thule"
172,"LMT",-968,0,"Africa/Banjul"
172,"GMT",0,0,"Africa/Banjul"
173,"LMT",-968,0,"Africa/Conakry"
173,"GMT",0,0,"Africa/Conakry"
174,"LMT",-14764,0,"America/Guadeloupe"
174,"AST",-14400,0,"America/Guadeloupe"
175,"LMT",816,0,"Africa/Malabo"
175,"WAT",3600,0,"Africa/Malabo"
176,"LMT",5692,0,"Europe/Athens"
176,"AMT",5692,0,"Europe/Athens"
176,"EET",7200,0,"Europe/Athens"
176,"EEST",10800,1,"Europe/Athens"
176,"CEST",7200,1,"Europe/Athens"
176,"CET",3600,0,"Europe/Athens"
177,"LMT",-8768,0,"Atlantic/South_Georgia"
177,"-02",-7200,0,"Atlantic/South_Georgia"
178,"LMT",-21724,0,"America/Guatemala"
178,"CST",-21600,0,"America/Guatemala"
178,"CDT",-18000,1,"America/Guatemala"
179,"LMT",-51660,0,"Pacific/Guam"
179,"LMT",34740,0,"Pacific/Guam"
179,"GST",36000,0,"Pacific/Guam"
179,"ChST",36000,0,"Pacific/Guam"
180,"LMT",-3740,0,"Africa/Bissau"
180,"-01",-3600,0,"Africa/Bissau"
180,"GMT",0,0,"Africa/Bissau"
181,"LMT",-13960,0,"America/Guyana"
181,"-0345",-13500,0,"America/Guyana"
181,"-03",-10800,0,"America/Guyana"
181,"-04",-14400,0,"America/Guyana"
182,"LMT",27402,0,"Asia/Hong_Kong"
182,"HKT",28800,0,"Asia/Hong_Kong"
182,"HKST",32400,1,"Asia/Hong_Kong"
182,"JST",32400,0,"Asia/Hong_Kong"
183,"LMT",-20932,0,"America/Tegucigalpa"
183,"CST",-21600,0,"America/Tegucigalpa"
183,"CDT",-18000,1,"America/Tegucigalpa"
184,"LMT",4920,0,"Europe/Zagreb"
184,"CET",3600,0,"Europe/Zagreb"
184,"CEST",7200,1,"Europe/Zagreb"
185,"LMT",-17360,0,"America/Port-au-Prince"
185,"PPMT",-17340,0,"America/Port-au-Prince"
185,"EST",-18000,0,"America/Port-au-Prince"
185,"EDT",-14400,1,"America/Port-au-Prince"
186,"LMT",4580,0,"Europe/Budapest"
186,"CET",3600,0,"Europe/Budapest"
186,"CEST",7200,1,"Europe/Budapest"
187,"LMT",25632,0,"Asia/Jakarta"
187,"BMT",25632,0,"Asia/Jakarta"
187,"+0720",26400,0,"Asia/Jakarta"
187,"+0730",27000,0,"Asia/Jakarta"
187,"+09",32400,0,"Asia/Jakarta"
187,"+08",28800,0,"Asia/Jakarta"
187,"WIB",25200,0,"Asia/Jakarta"
188,"LMT",26240,0,"Asia/Pontianak"
188,"PMT",26240,0,"Asia/Pontianak"
188,"+0730",27000,0,"Asia/Pontianak"
188,"+09",32400,0,"Asia/Pontianak"
188,"+08",28800,0,"Asia/Pontianak"
188,"WITA",28800,0,"Asia/Pontianak"
188,"WIB",25200,0,"Asia/Pontianak"
189,"LMT",28656,0,"Asia/Makassar"
189,"MMT",28656,0,"Asia/Makassar"
189,"+08",28800,0,"Asia/Makassar"
189,"+09",32400,0,"Asia/Makassar"
189,"WITA",28800,0,"Asia/Makassar"
190,"LMT",33768,0,"Asia/Jayapura"
190,"+09",32400,0,"Asia/Jayapura"
190,"+0930",34200,0,"Asia/Jayapura"
190,"WIT",32400,0,"Asia/Jayapura"
191,"LMT",-1500,0,"Europe/Dublin"
191,"DMT",-1521,0,"Europe/Dublin"
191,"IST",2079,1,"Europe/Dublin"
191,"GMT",0,0,"Europe/Dublin"
191,"BST",3600,1,"Europe/Dublin"
191,"IST",3600,1,"Europe/Dublin"
192,"LMT",8454,0,"Asia/Jerusalem"
192,"JMT",8440,0,"Asia/Jerusalem"
192,"IST",7200,0,"Asia/Jerusalem"
192,"IDT",10800,1,"Asia/Jerusalem"
192,"IDDT",14400,1,"Asia/Jerusalem"
193,"LMT",-75,0,"Europe/Isle_of_Man"
193,"GMT",0,0,"Europe/Isle_of_Man"
193,"BST",3600,1,"Europe/Isle_of_Man"
193,"BDST",7200,1,"Europe/Isle_of_Man"
194,"LMT",21208,0,"Asia/Kolkata"
194,"HMT",21200,0,"Asia/Kolkata"
194,"+0630",23400,0,"Asia/Kolkata"
194,"IST",19800,0,"Asia/Kolkata"
194,"+0630",23400,1,"Asia/Kolkata"
195,"LMT",17380,0,"Indian/Chagos"
195,"+05",18000,0,"Indian/Chagos"
195,"+06",21600,0,"Indian/Chagos"
196,"LMT",10660,0,"Asia/Baghdad"
196,"BMT",10656,0,"Asia/Baghdad"
196,"+03",10800,0,"Asia/Baghdad"
196,"+04",14400,1,"Asia/Baghdad"
197,"LMT",12344,0,"Asia/Tehran"
197,"TMT",12344,0,"Asia/Tehran"
197,"+0330",12600,0,"Asia/Tehran"
197,"+04",14400,0,"Asia/Tehran"
197,"+05",18000,1,"Asia/Tehran"
197,"+0430",16200,1,"Asia/Tehran"
198,"LMT",-5280,0,"Atlantic/Reykjavik"
198,"-01",-3600,0,"Atlantic/Reykjavik"
198,"GMT",0,0,"Atlantic/Reykjavik"
199,"LMT",2996,0,"Europe/Rome"
199,"RMT",2996,0,"Europe/Rome"
199,"CET",3600,0,"Europe/Rome"
199,"CEST",7200,1,"Europe/Rome"
200,"LMT",-75,0,"Europe/Jersey"
200,"GMT",0,0,"Europe/Jersey"
200,"BST",3600,1,"Europe/Jersey"
200,"BDST",7200,1,"Europe/Jersey"
201,"LMT",-18431,0,"America/Jamaica"
201,"KMT",-18431,0,"America/Jamaica"
201,"EST",-18000,0,"America/Jamaica"
201,"EDT",-14400,1,"America/Jamaica"
202,"LMT",8624,0,"Asia/Amman"
202,"EET",7200,0,"Asia/Amman"
202,"EEST",10800,1,"Asia/Amman"
203,"LMT",33539,0,"Asia/Tokyo"
203,"JST",32400,0,"Asia/Tokyo"
203,"JDT",36000,1,"Asia/Tokyo"
204,"LMT",8836,0,"Africa/Nairobi"
204,"EAT",10800,0,"Africa/Nairobi"
204,"+0230",9000,0,"Africa/Nairobi"
204,"+0245",9900,0,"Africa/Nairobi"
205,"LMT",17904,0,"Asia/Bishkek"
205,"+05",18000,0,"Asia/Bishkek"
205,"+06",21600,0,"Asia/Bishkek"
205,"+07",25200,1,"Asia/Bishkek"
205,"+06",21600,1,"Asia/Bishkek"
206,"LMT",24124,0,"Asia/Phnom_Penh"
206,"BMT",24124,0,"Asia/Phnom_Penh"
206,"+07",25200,0,"Asia/Phnom_Penh"
207,"LMT",41524,0,"Pacific/Tarawa"
207,"+12",43200,0,"Pacific/Tarawa"
208,"LMT",-41060,0,"Pacific/Enderbury"
208,"-12",-43200,0,"Pacific/Enderbury"
208,"-11",-39600,0,"Pacific/Enderbury"
208,"+13",46800,0,"Pacific/Enderbury"
209,"LMT",-37760,0,"Pacific/Kiritimati"
209,"-1040",-38400,0,"Pacific/Kiritimati"
209,"-10",-36000,0,"Pacific/Kiritimati"
209,"+14",50400,0,"Pacific/Kiritimati"
210,"LMT",8836,0,"Indian/Comoro"
210,"EAT",10800,0,"Indian/Comoro"
210,"+0230",9000,0,"Indian/Comoro"
210,"+0245",9900,0,"Indian/Comoro"
211,"LMT",-14764,0,"America/St_Kitts"
211,"AST",-14400,0,"America/St_Kitts"
212,"LMT",30180,0,"Asia/Pyongyang"
212,"KST",30600,0,"Asia/Pyongyang"
212,"JST",32400,0,"Asia/Pyongyang"
212,"KST",32400,0,"Asia/Pyongyang"
213,"LMT",30472,0,"Asia/Seoul"
213,"KST",30600,0,"Asia/Seoul"
213,"JST",32400,0,"Asia/Seoul"
213,"KST",32400,0,"Asia/Seoul"
213,"KDT",34200,1,"Asia/Seoul"
213,"KDT",36000,1,"Asia/Seoul"
214,"LMT",11212,0,"Asia/Kuwait"
214,"+03",10800,0,"Asia/Kuwait"
215,"LMT",-19088,0,"America/Cayman"
215,"CMT",-19176,0,"America/Cayman"
215,"EST",-18000,0,"America/Cayman"
216,"LMT",18468,0,"Asia/Almaty"
216,"+05",18000,0,"Asia/Almaty"
216,"+06",21600,0,"Asia/Almaty"
216,"+07",25200,1,"Asia/Almaty"
217,"LMT",15712,0,"Asia/Qyzylorda"
217,"+04",14400,0,"Asia/Qyzylorda"
217,"+05",18000,0,"Asia/Qyzylorda"
217,"+06",21600,1,"Asia/Qyzylorda"
217,"+06",21600,0,"Asia/Qyzylorda"
218,"LMT",13720,0,"Asia/Aqtobe"
218,"+04",14400,0,"Asia/Aqtobe"
218,"+05",18000,0,"Asia/Aqtobe"
218,"+06",21600,1,"Asia/Aqtobe"
219,"LMT",12064,0,"Asia/Aqtau"
219,"+04",14400,0,"Asia/Aqtau"
219,"+05",18000,0,"Asia/Aqtau"
219,"+06",21600,0,"Asia/Aqtau"
219,"+06",21600,1,"Asia/Aqtau"
219,"+05",18000,1,"Asia/Aqtau"
220,"LMT",12464,0,"Asia/Atyrau"
220,"+03",10800,0,"Asia/Atyrau"
220,"+05",18000,0,"Asia/Atyrau"
220,"+06",21600,0,"Asia/Atyrau"
220,"+06",21600,1,"Asia/Atyrau"
220,"+04",14400,0,"Asia/Atyrau"
220,"+05",18000,1,"Asia/Atyrau"
221,"LMT",12324,0,"Asia/Oral"
221,"+03",10800,0,"Asia/Oral"
221,"+05",18000,0,"Asia/Oral"
221,"+06",21600,1,"Asia/Oral"
221,"+04",14400,0,"Asia/Oral"
221,"+05",18000,1,"Asia/Oral"
222,"LMT",24124,0,"Asia/Vientiane"
222,"BMT",24124,0,"Asia/Vientiane"
222,"+07",25200,0,"Asia/Vientiane"
223,"LMT",8520,0,"Asia/Beirut"
223,"EET",7200,0,"Asia/Beirut"
223,"EEST",10800,1,"Asia/Beirut"
224,"LMT",-14764,0,"America/St_Lucia"
224,"AST",-14400,0,"America/St_Lucia"
225,"LMT",2048,0,"Europe/Vaduz"
225,"BMT",1786,0,"Europe/Vaduz"
225,"CET",3600,0,"Europe/Vaduz"
225,"CEST",7200,1,"Europe/Vaduz"
226,"LMT",19164,0,"Asia/Colombo"
226,"MMT",19172,0,"Asia/Colombo"
226,"+0530",19800,0,"Asia/Colombo"
226,"+06",21600,1,"Asia/Colombo"
226,"+0630",23400,1,"Asia/Colombo"
226,"+0630",23400,0,"Asia/Colombo"
226,"+06",21600,0,"Asia/Colombo"
227,"LMT",-2588,0,"Africa/Monrovia"
227,"MMT",-2588,0,"Africa/Monrovia"
227,"MMT",-2670,0,"Africa/Monrovia"
227,"GMT",0,0,"Africa/Monrovia"
228,"LMT",6720,0,"Africa/Maseru"
228,"SAST",5400,0,"Africa/Maseru"
228,"SAST",7200,0,"Africa/Maseru"
228,"SAST",10800,1,"Africa/Maseru"
229,"LMT",6076,0,"Europe/Vilnius"
229,"WMT",5040,0,"Europe/Vilnius"
229,"KMT",5736,0,"Europe/Vilnius"
229,"CET",3600,0,"Europe/Vilnius"
229,"EET",7200,0,"Europe/Vilnius"
229,"MSK",10800,0,"Europe/Vilnius"
229,"CEST",7200,1,"Europe/Vilnius"
229,"MSD",14400,1,"Europe/Vilnius"
229,"EEST",10800,1,"Europe/Vilnius"
230,"LMT",1476,0,"Europe/Luxembourg"
230,"CET",3600,0,"Europe/Luxembourg"
230,"CEST",7200,1,"Europe/Luxembourg"
230,"WET",0,0,"Europe/Luxembourg"
230,"WEST",3600,1,"Europe/Luxembourg"
230,"WEST",7200,1,"Europe/Luxembourg"
230,"WET",3600,0,"Europe/Luxembourg"
231,"LMT",5794,0,"Europe/Riga"
231,"RMT",5794,0,"Europe/Riga"
231,"LST",9394,1,"Europe/Riga"
231,"EET",7200,0,"Europe/Riga"
231,"MSK",10800,0,"Europe/Riga"
231,"CEST",7200,1,"Europe/Riga"
231,"CET",3600,0,"Europe/Riga"
231,"MSD",14400,1,"Europe/Riga"
231,"EEST",10800,1,"Europe/Riga"
232,"LMT",3164,0,"Africa/Tripoli"
232,"CET",3600,0,"Africa/Tripoli"
232,"CEST",7200,1,"Africa/Tripoli"
232,"EET",7200,0,"Africa/Tripoli"
233,"LMT",-1820,0,"Africa/Casablanca"
233,"WET",0,0,"Africa/Casablanca"
233,"WEST",3600,1,"Africa/Casablanca"
233,"CET",3600,0,"Africa/Casablanca"
234,"LMT",1772,0,"Europe/Monaco"
234,"PMT",561,0,"Europe/Monaco"
234,"WET",0,0,"Europe/Monaco"
234,"WEST",3600,1,"Europe/Monaco"
234,"WEMT",7200,1,"Europe/Monaco"
234,"CET",3600,0,"Europe/Monaco"
234,"CEST",7200,1,"Europe/Monaco"
235,"LMT",6920,0,"Europe/Chisinau"
235,"CMT",6900,0,"Europe/Chisinau"
235,"BMT",6264,0,"Europe/Chisinau"
235,"EET",7200,0,"Europe/Chisinau"
235,"EEST",10800,1,"Europe/Chisinau"
235,"CEST",7200,1,"Europe/Chisinau"
235,"CET",3600,0,"Europe/Chisinau"
235,"MSK",10800,0,"Europe/Chisinau"
235,"MSD",14400,1,"Europe/Chisinau"
236,"LMT",4920,0,"Europe/Podgorica"
236,"CET",3600,0,"Europe/Podgorica"
236,"CEST",7200,1,"Europe/Podgorica"
237,"LMT",-14764,0,"America/Marigot"
237,"AST",-14400,0,"America/Marigot"
238,"LMT",8836,0,"Indian/Antananarivo"
238,"EAT",10800,0,"Indian/Antananarivo"
238,"+0230",9000,0,"Indian/Antananarivo"
238,"+0245",9900,0,"Indian/Antananarivo"
239,"LMT",41088,0,"Pacific/Majuro"
239,"+11",39600,0,"Pacific/Majuro"
239,"+12",43200,0,"Pacific/Majuro"
240,"LMT",40160,0,"Pacific/Kwajalein"
240,"+11",39600,0,"Pacific/Kwajalein"
240,"-12",-43200,0,"Pacific/Kwajalein"
240,"+12",43200,0,"Pacific/Kwajalein"
241,"LMT",4920,0,"Europe/Skopje"
241,"CET",3600,0,"Europe/Skopje"
241,"CEST",7200,1,"Europe/Skopje"
242,"LMT",-968,0,"Africa/Bamako"
242,"GMT",0,0,"Africa/Bamako"
243,"LMT",23080,0,"Asia/Yangon"
243,"RMT",23080,0,"Asia/Yangon"
243,"+0630",23400,0,"Asia/Yangon"
243,"+09",32400,0,"Asia/Yangon"
244,"LMT",25652,0,"Asia/Ulaanbaatar"
244,"+07",25200,0,"Asia/Ulaanbaatar"
244,"+08",28800,0,"Asia/Ulaanbaatar"
244,"+09",32400,1,"Asia/Ulaanbaatar"
245,"LMT",21996,0,"Asia/Hovd"
245,"+06",21600,0,"Asia/Hovd"
245,"+07",25200,0,"Asia/Hovd"
245,"+08",28800,1,"Asia/Hovd"
246,"LMT",27480,0,"Asia/Choibalsan"
246,"+07",25200,0,"Asia/Choibalsan"
246,"+08",28800,0,"Asia/Choibalsan"
246,"+10",36000,1,"Asia/Choibalsan"
246,"+09",32400,0,"Asia/Choibalsan"
246,"+09",32400,1,"Asia/Choibalsan"
247,"LMT",27260,0,"Asia/Macau"
247,"CST",28800,0,"Asia/Macau"
247,"CDT",32400,1,"Asia/Macau"
248,"LMT",-51660,0,"Pacific/Saipan"
248,"LMT",34740,0,"Pacific/Saipan"
248,"GST",36000,0,"Pacific/Saipan"
248,"ChST",36000,0,"Pacific/Saipan"
249,"LMT",-14660,0,"America/Martinique"
249,"FFMT",-14660,0,"America/Martinique"
249,"AST",-14400,0,"America/Martinique"
249,"ADT",-10800,1,"America/Martinique"
250,"LMT",-968,0,"Africa/Nouakchott"
250,"GMT",0,0,"Africa/Nouakchott"
251,"LMT",-14764,0,"America/Montserrat"
251,"AST",-14400,0,"America/Montserrat"
252,"LMT",3484,0,"Europe/Malta"
252,"CET",3600,0,"Europe/Malta"
252,"CEST",7200,1,"Europe/Malta"
253,"LMT",13800,0,"Indian/Mauritius"
253,"+04",14400,0,"Indian/Mauritius"
253,"+05",18000,1,"Indian/Mauritius"
254,"LMT",17640,0,"Indian/Maldives"
254,"MMT",17640,0,"Indian/Maldives"
254,"+05",18000,0,"Indian/Maldives"
255,"LMT",7820,0,"Africa/Blantyre"
255,"CAT",7200,0,"Africa/Blantyre"
256,"LMT",-23796,0,"America/Mexico_City"
256,"MST",-25200,0,"America/Mexico_City"
256,"CST",-21600,0,"America/Mexico_City"
256,"CDT",-18000,1,"America/Mexico_City"
256,"CWT",-18000,1,"America/Mexico_City"
257,"LMT",-20824,0,"America/Cancun"
257,"CST",-21600,0,"America/Cancun"
257,"EST",-18000,0,"America/Cancun"
257,"EDT",-14400,1,"America/Cancun"
257,"CDT",-18000,1,"America/Cancun"
258,"LMT",-21508,0,"America/Merida"
258,"CST",-21600,0,"America/Merida"
258,"EST",-18000,0,"America/Merida"
258,"CDT",-18000,1,"America/Merida"
259,"LMT",-24076,0,"America/Monterrey"
259,"CST",-21600,0,"America/Monterrey"
259,"CDT",-18000,1,"America/Monterrey"
260,"LMT",-24000,0,"America/Matamoros"
260,"CST",-21600,0,"America/Matamoros"
260,"CDT",-18000,1,"America/Matamoros"
261,"LMT",-25540,0,"America/Mazatlan"
261,"MST",-25200,0,"America/Mazatlan"
261,"CST",-21600,0,"America/Mazatlan"
261,"PST",-28800,0,"America/Mazatlan"
261,"MDT",-21600,1,"America/Mazatlan"
262,"LMT",-25460,0,"America/Chihuahua"
262,"MST",-25200,0,"America/Chihuahua"
262,"CST",-21600,0,"America/Chihuahua"
262,"CDT",-18000,1,"America/Chihuahua"
262,"MDT",-21600,1,"America/Chihuahua"
263,"LMT",-25060,0,"America/Ojinaga"
263,"MST",-25200,0,"America/Ojinaga"
263,"CST",-21600,0,"America/Ojinaga"
263,"CDT",-18000,1,"America/Ojinaga"
263,"MDT",-21600,1,"America/Ojinaga"
264,"LMT",-26632,0,"America/Hermosillo"
264,"MST",-25200,0,"America/Hermosillo"
264,"CST",-21600,0,"America/Hermosillo"
264,"PST",-28800,0,"America/Hermosillo"
264,"MDT",-21600,1,"America/Hermosillo"
265,"LMT",-28084,0,"America/Tijuana"
265,"MST",-25200,0,"America/Tijuana"
265,"PST",-28800,0,"America/Tijuana"
265,"PDT",-25200,1,"America/Tijuana"
265,"PWT",-25200,1,"America/Tijuana"
265,"PPT",-25200,1,"America/Tijuana"
266,"LMT",-25260,0,"America/Bahia_Banderas"
266,"MST",-25200,0,"America/Bahia_Banderas"
266,"CST",-21600,0,"America/Bahia_Banderas"
266,"PST",-28800,0,"America/Bahia_Banderas"
266,"MDT",-21600,1,"America/Bahia_Banderas"
266,"CDT",-18000,1,"America/Bahia_Banderas"
267,"LMT",24406,0,"Asia/Kuala_Lumpur"
267,"SMT",24925,0,"Asia/Kuala_Lumpur"
267,"+07",25200,0,"Asia/Kuala_Lumpur"
267,"+0720",26400,1,"Asia/Kuala_Lumpur"
267,"+0730",27000,0,"Asia/Kuala_Lumpur"
267,"+09",32400,0,"Asia/Kuala_Lumpur"
267,"+08",28800,0,"Asia/Kuala_Lumpur"
268,"LMT",26480,0,"Asia/Kuching"
268,"+0730",27000,0,"Asia/Kuching"
268,"+08",28800,0,"Asia/Kuching"
268,"+0820",30000,1,"Asia/Kuching"
268,"+09",32400,0,"Asia/Kuching"
269,"LMT",7820,0,"Africa/Maputo"
269,"CAT",7200,0,"Africa/Maputo"
270,"LMT",4104,0,"Africa/Windhoek"
270,"+0130",5400,0,"Africa/Windhoek"
270,"SAST",7200,0,"Africa/Windhoek"
270,"SAST",10800,1,"Africa/Windhoek"
270,"CAT",7200,0,"Africa/Windhoek"
270,"WAT",3600,0,"Africa/Windhoek"
270,"WAST",7200,1,"Africa/Windhoek"
271,"LMT",39948,0,"Pacific/Noumea"
271,"+11",39600,0,"Pacific/Noumea"
271,"+12",43200,1,"Pacific/Noumea"
272,"LMT",816,0,"Africa/Niamey"
272,"WAT",3600,0,"Africa/Niamey"
273,"LMT",40312,0,"Pacific/Norfolk"
273,"+1112",40320,0,"Pacific/Norfolk"
273,"+1130",41400,0,"Pacific/Norfolk"
273,"+1230",45000,1,"Pacific/Norfolk"
273,"+11",39600,0,"Pacific/Norfolk"
274,"LMT",816,0,"Africa/Lagos"
274,"WAT",3600,0,"Africa/Lagos"
275,"LMT",-20708,0,"America/Managua"
275,"MMT",-20712,0,"America/Managua"
275,"CST",-21600,0,"America/Managua"
275,"EST",-18000,0,"America/Managua"
275,"CDT",-18000,1,"America/Managua"
276,"LMT",1172,0,"Europe/Amsterdam"
276,"AMT",1172,0,"Europe/Amsterdam"
276,"NST",4772,1,"Europe/Amsterdam"
276,"+0120",4800,1,"Europe/Amsterdam"
276,"+0020",1200,0,"Europe/Amsterdam"
276,"CEST",7200,1,"Europe/Amsterdam"
276,"CET",3600,0,"Europe/Amsterdam"
277,"LMT",2580,0,"Europe/Oslo"
277,"CET",3600,0,"Europe/Oslo"
277,"CEST",7200,1,"Europe/Oslo"
278,"LMT",20476,0,"Asia/Kathmandu"
278,"+0530",19800,0,"Asia/Kathmandu"
278,"+0545",20700,0,"Asia/Kathmandu"
279,"LMT",40060,0,"Pacific/Nauru"
279,"+1130",41400,0,"Pacific/Nauru"
279,"+09",32400,0,"Pacific/Nauru"
279,"+12",43200,0,"Pacific/Nauru"
280,"LMT",-40780,0,"Pacific/Niue"
280,"-1120",-40800,0,"Pacific/Niue"
280,"-1130",-41400,0,"Pacific/Niue"
280,"-11",-39600,0,"Pacific/Niue"
281,"LMT",41944,0,"Pacific/Auckland"
281,"NZMT",41400,0,"Pacific/Auckland"
281,"NZST",45000,1,"Pacific/Auckland"
281,"NZST",43200,1,"Pacific/Auckland"
281,"NZDT",46800,1,"Pacific/Auckland"
281,"NZST",43200,0,"Pacific/Auckland"
282,"LMT",44028,0,"Pacific/Chatham"
282,"+1215",44100,0,"Pacific/Chatham"
282,"+1245",45900,0,"Pacific/Chatham"
282,"+1345",49500,1,"Pacific/Chatham"
283,"LMT",13272,0,"Asia/Muscat"
283,"+04",14400,0,"Asia/Muscat"
284,"LMT",-19088,0,"America/Panama"
284,"CMT",-19176,0,"America/Panama"
284,"EST",-18000,0,"America/Panama"
285,"LMT",-18492,0,"America/Lima"
285,"LMT",-18516,0,"America/Lima"
285,"-05",-18000,0,"America/Lima"
285,"-04",-14400,1,"America/Lima"
286,"LMT",-35896,0,"Pacific/Tahiti"
286,"-10",-36000,0,"Pacific/Tahiti"
287,"LMT",-33480,0,"Pacific/Marquesas"
287,"-0930",-34200,0,"Pacific/Marquesas"
288,"LMT",-32388,0,"Pacific/Gambier"
288,"-09",-32400,0,"Pacific/Gambier"
289,"LMT",35320,0,"Pacific/Port_Moresby"
289,"PMMT",35312,0,"Pacific/Port_Moresby"
289,"+10",36000,0,"Pacific/Port_Moresby"
290,"LMT",37336,0,"Pacific/Bougainville"
290,"PMMT",35312,0,"Pacific/Bougainville"
290,"+10",36000,0,"Pacific/Bougainville"
290,"+09",32400,0,"Pacific/Bougainville"
290,"+11",39600,0,"Pacific/Bougainville"
291,"LMT",-57360,0,"Asia/Manila"
291,"LMT",29040,0,"Asia/Manila"
291,"+08",28800,0,"Asia/Manila"
291,"+09",32400,1,"Asia/Manila"
291,"+09",32400,0,"Asia/Manila"
292,"LMT",16092,0,"Asia/Karachi"
292,"+0530",19800,0,"Asia/Karachi"
292,"+0630",23400,1,"Asia/Karachi"
292,"+05",18000,0,"Asia/Karachi"
292,"PKT",18000,0,"Asia/Karachi"
292,"PKST",21600,1,"Asia/Karachi"
293,"LMT",5040,0,"Europe/Warsaw"
293,"WMT",5040,0,"Europe/Warsaw"
293,"CET",3600,0,"Europe/Warsaw"
293,"CEST",7200,1,"Europe/Warsaw"
293,"EET",7200,0,"Europe/Warsaw"
293,"EEST",10800,1,"Europe/Warsaw"
294,"LMT",-13480,0,"America/Miquelon"
294,"AST",-14400,0,"America/Miquelon"
294,"-03",-10800,0,"America/Miquelon"
294,"-02",-7200,1,"America/Miquelon"
295,"LMT",-31220,0,"Pacific/Pitcairn"
295,"-0830",-30600,0,"Pacific/Pitcairn"
295,"-08",-28800,0,"Pacific/Pitcairn"
296,"LMT",-15865,0,"America/Puerto_Rico"
296,"AST",-14400,0,"America/Puerto_Rico"
296,"AWT",-10800,1,"America/Puerto_Rico"
296,"APT",-10800,1,"America/Puerto_Rico"
297,"LMT",8272,0,"Asia/Gaza"
297,"EET",7200,0,"Asia/Gaza"
297,"EEST",10800,1,"Asia/Gaza"
297,"IST",7200,0,"Asia/Gaza"
297,"IDT",10800,1,"Asia/Gaza"
298,"LMT",8423,0,"Asia/Hebron"
298,"EET",7200,0,"Asia/Hebron"
298,"EEST",10800,1,"Asia/Hebron"
298,"IST",7200,0,"Asia/Hebron"
298,"IDT",10800,1,"Asia/Hebron"
299,"LMT",-2205,0,"Europe/Lisbon"
299,"WET",0,0,"Europe/Lisbon"
299,"WEST",3600,1,"Europe/Lisbon"
299,"WEMT",7200,1,"Europe/Lisbon"
299,"CET",3600,0,"Europe/Lisbon"
299,"CEST",7200,1,"Europe/Lisbon"
300,"LMT",-4056,0,"Atlantic/Madeira"
300,"FMT",-4056,0,"Atlantic/Madeira"
300,"-01",-3600,0,"Atlantic/Madeira"
300,"+01",3600,1,"Atlantic/Madeira"
300,"WET",0,0,"Atlantic/Madeira"
300,"WEST",3600,1,"Atlantic/Madeira"
301,"LMT",-6160,0,"Atlantic/Azores"
301,"HMT",-6872,0,"Atlantic/Azores"
301,"-02",-7200,0,"Atlantic/Azores"
301,"-01",-3600,1,"Atlantic/Azores"
301,"-01",-3600,0,"Atlantic/Azores"
301,"WET",0,0,"Atlantic/Azores"
302,"LMT",32276,0,"Pacific/Palau"
302,"+09",32400,0,"Pacific/Palau"
303,"LMT",-13840,0,"America/Asuncion"
303,"AMT",-13840,0,"America/Asuncion"
303,"-04",-14400,0,"America/Asuncion"
303,"-03",-10800,0,"America/Asuncion"
303,"-03",-10800,1,"America/Asuncion"
304,"LMT",12368,0,"Asia/Qatar"
304,"+04",14400,0,"Asia/Qatar"
304,"+03",10800,0,"Asia/Qatar"
305,"LMT",13312,0,"Indian/Reunion"
305,"+04",14400,0,"Indian/Reunion"
306,"LMT",6264,0,"Europe/Bucharest"
306,"BMT",6264,0,"Europe/Bucharest"
306,"EET",7200,0,"Europe/Bucharest"
306,"EEST",10800,1,"Europe/Bucharest"
307,"LMT",4920,0,"Europe/Belgrade"
307,"CET",3600,0,"Europe/Belgrade"
307,"CEST",7200,1,"Europe/Belgrade"
308,"LMT",4920,0,"Europe/Kaliningrad"
308,"CET",3600,0,"Europe/Kaliningrad"
308,"CEST",7200,1,"Europe/Kaliningrad"
308,"CET",7200,0,"Europe/Kaliningrad"
308,"CEST",10800,1,"Europe/Kaliningrad"
308,"MSK",10800,0,"Europe/Kaliningrad"
308,"MSD",14400,1,"Europe/Kaliningrad"
308,"EEST",10800,1,"Europe/Kaliningrad"
308,"EET",7200,0,"Europe/Kaliningrad"
308,"+03",10800,0,"Europe/Kaliningrad"
309,"LMT",9017,0,"Europe/Moscow"
309,"MMT",9017,0,"Europe/Moscow"
309,"MMT",9079,0,"Europe/Moscow"
309,"MST",12679,1,"Europe/Moscow"
309,"MDST",16279,1,"Europe/Moscow"
309,"MSD",14400,1,"Europe/Moscow"
309,"MSK",10800,0,"Europe/Moscow"
309,"+05",18000,1,"Europe/Moscow"
309,"EET",7200,0,"Europe/Moscow"
309,"EEST",10800,1,"Europe/Moscow"
309,"MSK",14400,0,"Europe/Moscow"
310,"LMT",8184,0,"Europe/Simferopol"
310,"SMT",8160,0,"Europe/Simferopol"
310,"EET",7200,0,"Europe/Simferopol"
310,"MSK",10800,0,"Europe/Simferopol"
310,"CEST",7200,1,"Europe/Simferopol"
310,"CET",3600,0,"Europe/Simferopol"
310,"MSD",14400,1,"Europe/Simferopol"
310,"EEST",10800,1,"Europe/Simferopol"
310,"MSK",14400,0,"Europe/Simferopol"
311,"LMT",10660,0,"Europe/Volgograd"
311,"+03",10800,0,"Europe/Volgograd"
311,"+04",14400,0,"Europe/Volgograd"
311,"+05",18000,1,"Europe/Volgograd"
311,"+04",14400,1,"Europe/Volgograd"
312,"LMT",11928,0,"Europe/Kirov"
312,"+03",10800,0,"Europe/Kirov"
312,"+04",14400,0,"Europe/Kirov"
312,"+05",18000,1,"Europe/Kirov"
312,"+04",14400,1,"Europe/Kirov"
313,"LMT",11532,0,"Europe/Astrakhan"
313,"+03",10800,0,"Europe/Astrakhan"
313,"+04",14400,0,"Europe/Astrakhan"
313,"+05",18000,1,"Europe/Astrakhan"
313,"+04",14400,1,"Europe/Astrakhan"
314,"LMT",11058,0,"Europe/Saratov"
314,"+03",10800,0,"Europe/Saratov"
314,"+04",14400,0,"Europe/Saratov"
314,"+05",18000,1,"Europe/Saratov"
314,"+04",14400,1,"Europe/Saratov"
315,"LMT",11616,0,"Europe/Ulyanovsk"
315,"+03",10800,0,"Europe/Ulyanovsk"
315,"+04",14400,0,"Europe/Ulyanovsk"
315,"+05",18000,1,"Europe/Ulyanovsk"
315,"+04",14400,1,"Europe/Ulyanovsk"
315,"+02",7200,0,"Europe/Ulyanovsk"
316,"LMT",12020,0,"Europe/Samara"
316,"+03",10800,0,"Europe/Samara"
316,"+04",14400,0,"Europe/Samara"
316,"+05",18000,1,"Europe/Samara"
316,"+04",14400,1,"Europe/Samara"
317,"LMT",14553,0,"Asia/Yekaterinburg"
317,"PMT",13505,0,"Asia/Yekaterinburg"
317,"+04",14400,0,"Asia/Yekaterinburg"
317,"+05",18000,0,"Asia/Yekaterinburg"
317,"+06",21600,1,"Asia/Yekaterinburg"
317,"+06",21600,0,"Asia/Yekaterinburg"
318,"LMT",17610,0,"Asia/Omsk"
318,"+05",18000,0,"Asia/Omsk"
318,"+06",21600,0,"Asia/Omsk"
318,"+07",25200,1,"Asia/Omsk"
318,"+07",25200,0,"Asia/Omsk"
319,"LMT",19900,0,"Asia/Novosibirsk"
319,"+06",21600,0,"Asia/Novosibirsk"
319,"+07",25200,0,"Asia/Novosibirsk"
319,"+08",28800,1,"Asia/Novosibirsk"
319,"+07",25200,1,"Asia/Novosibirsk"
320,"LMT",20100,0,"Asia/Barnaul"
320,"+06",21600,0,"Asia/Barnaul"
320,"+07",25200,0,"Asia/Barnaul"
320,"+08",28800,1,"Asia/Barnaul"
320,"+07",25200,1,"Asia/Barnaul"
321,"LMT",20391,0,"Asia/Tomsk"
321,"+06",21600,0,"Asia/Tomsk"
321,"+07",25200,0,"Asia/Tomsk"
321,"+08",28800,1,"Asia/Tomsk"
321,"+07",25200,1,"Asia/Tomsk"
322,"LMT",20928,0,"Asia/Novokuznetsk"
322,"+06",21600,0,"Asia/Novokuznetsk"
322,"+07",25200,0,"Asia/Novokuznetsk"
322,"+08",28800,1,"Asia/Novokuznetsk"
323,"LMT",22286,0,"Asia/Krasnoyarsk"
323,"+06",21600,0,"Asia/Krasnoyarsk"
323,"+07",25200,0,"Asia/Krasnoyarsk"
323,"+08",28800,1,"Asia/Krasnoyarsk"
323,"+08",28800,0,"Asia/Krasnoyarsk"
324,"LMT",25025,0,"Asia/Irkutsk"
324,"IMT",25025,0,"Asia/Irkutsk"
324,"+07",25200,0,"Asia/Irkutsk"
324,"+08",28800,0,"Asia/Irkutsk"
324,"+09",32400,1,"Asia/Irkutsk"
324,"+09",32400,0,"Asia/Irkutsk"
325,"LMT",27232,0,"Asia/Chita"
325,"+08",28800,0,"Asia/Chita"
325,"+09",32400,0,"Asia/Chita"
325,"+10",36000,1,"Asia/Chita"
325,"+10",36000,0,"Asia/Chita"
326,"LMT",31138,0,"Asia/Yakutsk"
326,"+08",28800,0,"Asia/Yakutsk"
326,"+09",32400,0,"Asia/Yakutsk"
326,"+10",36000,1,"Asia/Yakutsk"
326,"+10",36000,0,"Asia/Yakutsk"
327,"LMT",32533,0,"Asia/Khandyga"
327,"+08",28800,0,"Asia/Khandyga"
327,"+09",32400,0,"Asia/Khandyga"
327,"+10",36000,1,"Asia/Khandyga"
327,"+10",36000,0,"Asia/Khandyga"
327,"+11",39600,1,"Asia/Khandyga"
327,"+11",39600,0,"Asia/Khandyga"
328,"LMT",31651,0,"Asia/Vladivostok"
328,"+09",32400,0,"Asia/Vladivostok"
328,"+10",36000,0,"Asia/Vladivostok"
328,"+11",39600,1,"Asia/Vladivostok"
328,"+11",39600,0,"Asia/Vladivostok"
329,"LMT",34374,0,"Asia/Ust-Nera"
329,"+08",28800,0,"Asia/Ust-Nera"
329,"+09",32400,0,"Asia/Ust-Nera"
329,"+12",43200,1,"Asia/Ust-Nera"
329,"+11",39600,0,"Asia/Ust-Nera"
329,"+10",36000,0,"Asia/Ust-Nera"
329,"+12",43200,0,"Asia/Ust-Nera"
330,"LMT",36192,0,"Asia/Magadan"
330,"+10",36000,0,"Asia/Magadan"
330,"+11",39600,0,"Asia/Magadan"
330,"+12",43200,1,"Asia/Magadan"
330,"+12",43200,0,"Asia/Magadan"
331,"LMT",34248,0,"Asia/Sakhalin"
331,"+09",32400,0,"Asia/Sakhalin"
331,"+11",39600,0,"Asia/Sakhalin"
331,"+12",43200,1,"Asia/Sakhalin"
331,"+10",36000,0,"Asia/Sakhalin"
331,"+11",39600,1,"Asia/Sakhalin"
332,"LMT",36892,0,"Asia/Srednekolymsk"
332,"+10",36000,0,"Asia/Srednekolymsk"
332,"+11",39600,0,"Asia/Srednekolymsk"
332,"+12",43200,1,"Asia/Srednekolymsk"
332,"+12",43200,0,"Asia/Srednekolymsk"
333,"LMT",38076,0,"Asia/Kamchatka"
333,"+11",39600,0,"Asia/Kamchatka"
333,"+12",43200,0,"Asia/Kamchatka"
333,"+13",46800,1,"Asia/Kamchatka"
334,"LMT",42596,0,"Asia/Anadyr"
334,"+12",43200,0,"Asia/Anadyr"
334,"+13",46800,0,"Asia/Anadyr"
334,"+14",50400,1,"Asia/Anadyr"
334,"+13",46800,1,"Asia/Anadyr"
334,"+11",39600,0,"Asia/Anadyr"
335,"LMT",7820,0,"Africa/Kigali"
335,"CAT",7200,0,"Africa/Kigali"
336,"LMT",11212,0,"Asia/Riyadh"
336,"+03",10800,0,"Asia/Riyadh"
337,"LMT",38388,0,"Pacific/Guadalcanal"
337,"+11",39600,0,"Pacific/Guadalcanal"
338,"LMT",13308,0,"Indian/Mahe"
338,"+04",14400,0,"Indian/Mahe"
339,"LMT",7808,0,"Africa/Khartoum"
339,"CAT",7200,0,"Africa/Khartoum"
339,"CAST",10800,1,"Africa/Khartoum"
339,"EAT",10800,0,"Africa/Khartoum"
340,"LMT",4332,0,"Europe/Stockholm"
340,"SET",3614,0,"Europe/Stockholm"
340,"CET",3600,0,"Europe/Stockholm"
340,"CEST",7200,1,"Europe/Stockholm"
341,"LMT",24925,0,"Asia/Singapore"
341,"SMT",24925,0,"Asia/Singapore"
341,"+07",25200,0,"Asia/Singapore"
341,"+0720",26400,1,"Asia/Singapore"
341,"+0730",27000,0,"Asia/Singapore"
341,"+09",32400,0,"Asia/Singapore"
341,"+08",28800,0,"Asia/Singapore"
342,"LMT",-968,0,"Atlantic/St_Helena"
342,"GMT",0,0,"Atlantic/St_Helena"
343,"LMT",4920,0,"Europe/Ljubljana"
343,"CET",3600,0,"Europe/Ljubljana"
343,"CEST",7200,1,"Europe/Ljubljana"
344,"LMT",2580,0,"Arctic/Longyearbyen"
344,"CET",3600,0,"Arctic/Longyearbyen"
344,"CEST",7200,1,"Arctic/Longyearbyen"
345,"LMT",3464,0,"Europe/Bratislava"
345,"PMT",3464,0,"Europe/Bratislava"
345,"CET",3600,0,"Europe/Bratislava"
345,"CEST",7200,1,"Europe/Bratislava"
346,"LMT",-968,0,"Africa/Freetown"
346,"GMT",0,0,"Africa/Freetown"
347,"LMT",2996,0,"Europe/San_Marino"
347,"RMT",2996,0,"Europe/San_Marino"
347,"CET",3600,0,"Europe/San_Marino"
347,"CEST",7200,1,"Europe/San_Marino"
348,"LMT",-968,0,"Africa/Dakar"
348,"GMT",0,0,"Africa/Dakar"
349,"LMT",8836,0,"Africa/Mogadishu"
349,"EAT",10800,0,"Africa/Mogadishu"
349,"+0230",9000,0,"Africa/Mogadishu"
349,"+0245",9900,0,"Africa/Mogadishu"
350,"LMT",-13240,0,"America/Paramaribo"
350,"PMT",-13252,0,"America/Paramaribo"
350,"PMT",-13236,0,"America/Paramaribo"
350,"-0330",-12600,0,"America/Paramaribo"
350,"-03",-10800,0,"America/Paramaribo"
351,"LMT",7808,0,"Africa/Juba"
351,"CAT",7200,0,"Africa/Juba"
351,"CAST",10800,1,"Africa/Juba"
351,"EAT",10800,0,"Africa/Juba"
352,"LMT",-968,0,"Africa/Sao_Tome"
352,"GMT",0,0,"Africa/Sao_Tome"
353,"LMT",-21408,0,"America/El_Salvador"
353,"CST",-21600,0,"America/El_Salvador"
353,"CDT",-18000,1,"America/El_Salvador"
354,"LMT",-16547,0,"America/Lower_Princes"
354,"-0430",-16200,0,"America/Lower_Princes"
354,"AST",-14400,0,"America/Lower_Princes"
355,"LMT",8712,0,"Asia/Damascus"
355,"EET",7200,0,"Asia/Damascus"
355,"EEST",10800,1,"Asia/Damascus"
356,"LMT",6720,0,"Africa/Mbabane"
356,"SAST",5400,0,"Africa/Mbabane"
356,"SAST",7200,0,"Africa/Mbabane"
356,"SAST",10800,1,"Africa/Mbabane"
357,"LMT",-17072,0,"America/Grand_Turk"
357,"KMT",-18431,0,"America/Grand_Turk"
357,"EST",-18000,0,"America/Grand_Turk"
357,"EDT",-14400,1,"America/Grand_Turk"
357,"AST",-14400,0,"America/Grand_Turk"
358,"LMT",3612,0,"Africa/Ndjamena"
358,"WAT",3600,0,"Africa/Ndjamena"
358,"WAST",7200,1,"Africa/Ndjamena"
359,"+05",18000,0,"Indian/Kerguelen"
360,"LMT",-968,0,"Africa/Lome"
360,"GMT",0,0,"Africa/Lome"
361,"LMT",24124,0,"Asia/Bangkok"
361,"BMT",24124,0,"Asia/Bangkok"
361,"+07",25200,0,"Asia/Bangkok"
362,"LMT",16512,0,"Asia/Dushanbe"
362,"+05",18000,0,"Asia/Dushanbe"
362,"+06",21600,0,"Asia/Dushanbe"
362,"+07",25200,1,"Asia/Dushanbe"
363,"LMT",-41096,0,"Pacific/Fakaofo"
363,"-11",-39600,0,"Pacific/Fakaofo"
363,"+13",46800,0,"Pacific/Fakaofo"
364,"LMT",30140,0,"Asia/Dili"
364,"+08",28800,0,"Asia/Dili"
364,"+09",32400,0,"Asia/Dili"
365,"LMT",14012,0,"Asia/Ashgabat"
365,"+04",14400,0,"Asia/Ashgabat"
365,"+05",18000,0,"Asia/Ashgabat"
365,"+06",21600,1,"Asia/Ashgabat"
366,"LMT",2444,0,"Africa/Tunis"
366,"PMT",561,0,"Africa/Tunis"
366,"CET",3600,0,"Africa/Tunis"
366,"CEST",7200,1,"Africa/Tunis"
367,"LMT",44360,0,"Pacific/Tongatapu"
367,"+1220",44400,0,"Pacific/Tongatapu"
367,"+13",46800,0,"Pacific/Tongatapu"
367,"+14",50400,1,"Pacific/Tongatapu"
368,"LMT",6952,0,"Europe/Istanbul"
368,"IMT",7016,0,"Europe/Istanbul"
368,"EET",7200,0,"Europe/Istanbul"
368,"EEST",10800,1,"Europe/Istanbul"
368,"+04",14400,1,"Europe/Istanbul"
368,"+03",10800,0,"Europe/Istanbul"
369,"LMT",-14764,0,"America/Port_of_Spain"
369,"AST",-14400,0,"America/Port_of_Spain"
370,"LMT",43012,0,"Pacific/Funafuti"
370,"+12",43200,0,"Pacific/Funafuti"
371,"LMT",29160,0,"Asia/Taipei"
371,"CST",28800,0,"Asia/Taipei"
371,"JST",32400,0,"Asia/Taipei"
371,"CDT",32400,1,"Asia/Taipei"
372,"LMT",8836,0,"Africa/Dar_es_Salaam"
372,"EAT",10800,0,"Africa/Dar_es_Salaam"
372,"+0230",9000,0,"Africa/Dar_es_Salaam"
372,"+0245",9900,0,"Africa/Dar_es_Salaam"
373,"LMT",7324,0,"Europe/Kiev"
373,"KMT",7324,0,"Europe/Kiev"
373,"EET",7200,0,"Europe/Kiev"
373,"MSK",10800,0,"Europe/Kiev"
373,"CEST",7200,1,"Europe/Kiev"
373,"CET",3600,0,"Europe/Kiev"
373,"MSD",14400,1,"Europe/Kiev"
373,"EEST",10800,1,"Europe/Kiev"
374,"LMT",5352,0,"Europe/Uzhgorod"
374,"CET",3600,0,"Europe/Uzhgorod"
374,"CEST",7200,1,"Europe/Uzhgorod"
374,"MSK",10800,0,"Europe/Uzhgorod"
374,"MSD",14400,1,"Europe/Uzhgorod"
374,"EET",7200,0,"Europe/Uzhgorod"
374,"EEST",10800,1,"Europe/Uzhgorod"
375,"LMT",8440,0,"Europe/Zaporozhye"
375,"+0220",8400,0,"Europe/Zaporozhye"
375,"EET",7200,0,"Europe/Zaporozhye"
375,"MSK",10800,0,"Europe/Zaporozhye"
375,"CEST",7200,1,"Europe/Zaporozhye"
375,"CET",3600,0,"Europe/Zaporozhye"
375,"MSD",14400,1,"Europe/Zaporozhye"
375,"EEST",10800,1,"Europe/Zaporozhye"
376,"LMT",8836,0,"Africa/Kampala"
376,"EAT",10800,0,"Africa/Kampala"
376,"+0230",9000,0,"Africa/Kampala"
376,"+0245",9900,0,"Africa/Kampala"
377,"LMT",45432,0,"Pacific/Midway"
377,"LMT",-40968,0,"Pacific/Midway"
377,"SST",-39600,0,"Pacific/Midway"
378,"LMT",39988,0,"Pacific/Wake"
378,"+12",43200,0,"Pacific/Wake"
379,"LMT",-17762,0,"America/New_York"
379,"EST",-18000,0,"America/New_York"
379,"EDT",-14400,1,"America/New_York"
379,"EWT",-14400,1,"America/New_York"
379,"EPT",-14400,1,"America/New_York"
380,"LMT",-19931,0,"America/Detroit"
380,"CST",-21600,0,"America/Detroit"
380,"EST",-18000,0,"America/Detroit"
380,"EWT",-14400,1,"America/Detroit"
380,"EPT",-14400,1,"America/Detroit"
380,"EDT",-14400,1,"America/Detroit"
381,"LMT",-20582,0,"America/Kentucky/Louisville"
381,"CST",-21600,0,"America/Kentucky/Louisville"
381,"CDT",-18000,1,"America/Kentucky/Louisville"
381,"CWT",-18000,1,"America/Kentucky/Louisville"
381,"CPT",-18000,1,"America/Kentucky/Louisville"
381,"EST",-18000,0,"America/Kentucky/Louisville"
381,"EDT",-14400,1,"America/Kentucky/Louisville"
382,"LMT",-20364,0,"America/Kentucky/Monticello"
382,"CST",-21600,0,"America/Kentucky/Monticello"
382,"CDT",-18000,1,"America/Kentucky/Monticello"
382,"CWT",-18000,1,"America/Kentucky/Monticello"
382,"CPT",-18000,1,"America/Kentucky/Monticello"
382,"EST",-18000,0,"America/Kentucky/Monticello"
382,"EDT",-14400,1,"America/Kentucky/Monticello"
383,"LMT",-20678,0,"America/Indiana/Indianapolis"
383,"CST",-21600,0,"America/Indiana/Indianapolis"
383,"CDT",-18000,1,"America/Indiana/Indianapolis"
383,"CWT",-18000,1,"America/Indiana/Indianapolis"
383,"CPT",-18000,1,"America/Indiana/Indianapolis"
383,"EST",-18000,0,"America/Indiana/Indianapolis"
383,"EDT",-14400,1,"America/Indiana/Indianapolis"
384,"LMT",-21007,0,"America/Indiana/Vincennes"
384,"CST",-21600,0,"America/Indiana/Vincennes"
384,"CDT",-18000,1,"America/Indiana/Vincennes"
384,"CWT",-18000,1,"America/Indiana/Vincennes"
384,"CPT",-18000,1,"America/Indiana/Vincennes"
384,"EST",-18000,0,"America/Indiana/Vincennes"
384,"EDT",-14400,1,"America/Indiana/Vincennes"
385,"LMT",-20785,0,"America/Indiana/Winamac"
385,"CST",-21600,0,"America/Indiana/Winamac"
385,"CDT",-18000,1,"America/Indiana/Winamac"
385,"CWT",-18000,1,"America/Indiana/Winamac"
385,"CPT",-18000,1,"America/Indiana/Winamac"
385,"EST",-18000,0,"America/Indiana/Winamac"
385,"EDT",-14400,1,"America/Indiana/Winamac"
386,"LMT",-20723,0,"America/Indiana/Marengo"
386,"CST",-21600,0,"America/Indiana/Marengo"
386,"CDT",-18000,1,"America/Indiana/Marengo"
386,"CWT",-18000,1,"America/Indiana/Marengo"
386,"CPT",-18000,1,"America/Indiana/Marengo"
386,"EST",-18000,0,"America/Indiana/Marengo"
386,"EDT",-14400,1,"America/Indiana/Marengo"
387,"LMT",-20947,0,"America/Indiana/Petersburg"
387,"CST",-21600,0,"America/Indiana/Petersburg"
387,"CDT",-18000,1,"America/Indiana/Petersburg"
387,"CWT",-18000,1,"America/Indiana/Petersburg"
387,"CPT",-18000,1,"America/Indiana/Petersburg"
387,"EST",-18000,0,"America/Indiana/Petersburg"
387,"EDT",-14400,1,"America/Indiana/Petersburg"
388,"LMT",-20416,0,"America/Indiana/Vevay"
388,"CST",-21600,0,"America/Indiana/Vevay"
388,"CDT",-18000,1,"America/Indiana/Vevay"
388,"CWT",-18000,1,"America/Indiana/Vevay"
388,"CPT",-18000,1,"America/Indiana/Vevay"
388,"EST",-18000,0,"America/Indiana/Vevay"
388,"EDT",-14400,1,"America/Indiana/Vevay"
389,"LMT",-21036,0,"America/Chicago"
389,"CST",-21600,0,"America/Chicago"
389,"CDT",-18000,1,"America/Chicago"
389,"EST",-18000,0,"America/Chicago"
389,"CWT",-18000,1,"America/Chicago"
389,"CPT",-18000,1,"America/Chicago"
390,"LMT",-20823,0,"America/Indiana/Tell_City"
390,"CST",-21600,0,"America/Indiana/Tell_City"
390,"CDT",-18000,1,"America/Indiana/Tell_City"
390,"CWT",-18000,1,"America/Indiana/Tell_City"
390,"CPT",-18000,1,"America/Indiana/Tell_City"
390,"EST",-18000,0,"America/Indiana/Tell_City"
390,"EDT",-14400,1,"America/Indiana/Tell_City"
391,"LMT",-20790,0,"America/Indiana/Knox"
391,"CST",-21600,0,"America/Indiana/Knox"
391,"CDT",-18000,1,"America/Indiana/Knox"
391,"CWT",-18000,1,"America/Indiana/Knox"
391,"CPT",-18000,1,"America/Indiana/Knox"
391,"EST",-18000,0,"America/Indiana/Knox"
392,"LMT",-21027,0,"America/Menominee"
392,"CST",-21600,0,"America/Menominee"
392,"CDT",-18000,1,"America/Menominee"
392,"CWT",-18000,1,"America/Menominee"
392,"CPT",-18000,1,"America/Menominee"
392,"EST",-18000,0,"America/Menominee"
393,"LMT",-24312,0,"America/North_Dakota/Center"
393,"MST",-25200,0,"America/North_Dakota/Center"
393,"MDT",-21600,1,"America/North_Dakota/Center"
393,"MWT",-21600,1,"America/North_Dakota/Center"
393,"MPT",-21600,1,"America/North_Dakota/Center"
393,"CST",-21600,0,"America/North_Dakota/Center"
393,"CDT",-18000,1,"America/North_Dakota/Center"
394,"LMT",-24339,0,"America/North_Dakota/New_Salem"
394,"MST",-25200,0,"America/North_Dakota/New_Salem"
394,"MDT",-21600,1,"America/North_Dakota/New_Salem"
394,"MWT",-21600,1,"America/North_Dakota/New_Salem"
394,"MPT",-21600,1,"America/North_Dakota/New_Salem"
394,"CST",-21600,0,"America/North_Dakota/New_Salem"
394,"CDT",-18000,1,"America/North_Dakota/New_Salem"
395,"LMT",-24427,0,"America/North_Dakota/Beulah"
395,"MST",-25200,0,"America/North_Dakota/Beulah"
395,"MDT",-21600,1,"America/North_Dakota/Beulah"
395,"MWT",-21600,1,"America/North_Dakota/Beulah"
395,"MPT",-21600,1,"America/North_Dakota/Beulah"
395,"CST",-21600,0,"America/North_Dakota/Beulah"
395,"CDT",-18000,1,"America/North_Dakota/Beulah"
396,"LMT",-25196,0,"America/Denver"
396,"MST",-25200,0,"America/Denver"
396,"MDT",-21600,1,"America/Denver"
396,"MWT",-21600,1,"America/Denver"
396,"MPT",-21600,1,"America/Denver"
397,"LMT",-27889,0,"America/Boise"
397,"PST",-28800,0,"America/Boise"
397,"PDT",-25200,1,"America/Boise"
397,"MST",-25200,0,"America/Boise"
397,"MWT",-21600,1,"America/Boise"
397,"MPT",-21600,1,"America/Boise"
397,"MDT",-21600,1,"America/Boise"
398,"LMT",-26898,0,"America/Phoenix"
398,"MST",-25200,0,"America/Phoenix"
398,"MDT",-21600,1,"America/Phoenix"
398,"MWT",-21600,1,"America/Phoenix"
399,"LMT",-28378,0,"America/Los_Angeles"
399,"PST",-28800,0,"America/Los_Angeles"
399,"PDT",-25200,1,"America/Los_Angeles"
399,"PWT",-25200,1,"America/Los_Angeles"
399,"PPT",-25200,1,"America/Los_Angeles"
400,"LMT",50424,0,"America/Anchorage"
400,"LMT",-35976,0,"America/Anchorage"
400,"AST",-36000,0,"America/Anchorage"
400,"AWT",-32400,1,"America/Anchorage"
400,"APT",-32400,1,"America/Anchorage"
400,"AHST",-36000,0,"America/Anchorage"
400,"AHDT",-32400,1,"America/Anchorage"
400,"YST",-32400,0,"America/Anchorage"
400,"AKST",-32400,0,"America/Anchorage"
400,"AKDT",-28800,1,"America/Anchorage"
401,"LMT",54139,0,"America/Juneau"
401,"LMT",-32261,0,"America/Juneau"
401,"PST",-28800,0,"America/Juneau"
401,"PWT",-25200,1,"America/Juneau"
401,"PPT",-25200,1,"America/Juneau"
401,"PDT",-25200,1,"America/Juneau"
401,"YDT",-28800,1,"America/Juneau"
401,"YST",-32400,0,"America/Juneau"
401,"AKST",-32400,0,"America/Juneau"
401,"AKDT",-28800,1,"America/Juneau"
402,"LMT",53927,0,"America/Sitka"
402,"LMT",-32473,0,"America/Sitka"
402,"PST",-28800,0,"America/Sitka"
402,"PWT",-25200,1,"America/Sitka"
402,"PPT",-25200,1,"America/Sitka"
402,"PDT",-25200,1,"America/Sitka"
402,"YST",-32400,0,"America/Sitka"
402,"AKST",-32400,0,"America/Sitka"
402,"AKDT",-28800,1,"America/Sitka"
403,"LMT",54822,0,"America/Metlakatla"
403,"LMT",-31578,0,"America/Metlakatla"
403,"PST",-28800,0,"America/Metlakatla"
403,"PWT",-25200,1,"America/Metlakatla"
403,"PPT",-25200,1,"America/Metlakatla"
403,"PDT",-25200,1,"America/Metlakatla"
403,"AKST",-32400,0,"America/Metlakatla"
403,"AKDT",-28800,1,"America/Metlakatla"
404,"LMT",52865,0,"America/Yakutat"
404,"LMT",-33535,0,"America/Yakutat"
404,"YST",-32400,0,"America/Yakutat"
404,"YWT",-28800,1,"America/Yakutat"
404,"YPT",-28800,1,"America/Yakutat"
404,"YDT",-28800,1,"America/Yakutat"
404,"AKST",-32400,0,"America/Yakutat"
404,"AKDT",-28800,1,"America/Yakutat"
405,"LMT",46701,0,"America/Nome"
405,"LMT",-39698,0,"America/Nome"
405,"NST",-39600,0,"America/Nome"
405,"NWT",-36000,1,"America/Nome"
405,"NPT",-36000,1,"America/Nome"
405,"BST",-39600,0,"America/Nome"
405,"BDT",-36000,1,"America/Nome"
405,"YST",-32400,0,"America/Nome"
405,"AKST",-32400,0,"America/Nome"
405,"AKDT",-28800,1,"America/Nome"
406,"LMT",44001,0,"America/Adak"
406,"LMT",-42398,0,"America/Adak"
406,"NST",-39600,0,"America/Adak"
406,"NWT",-36000,1,"America/Adak"
406,"NPT",-36000,1,"America/Adak"
406,"BST",-39600,0,"America/Adak"
406,"BDT",-36000,1,"America/Adak"
406,"AHST",-36000,0,"America/Adak"
406,"HST",-36000,0,"America/Adak"
406,"HDT",-32400,1,"America/Adak"
407,"LMT",-37886,0,"Pacific/Honolulu"
407,"HST",-37800,0,"Pacific/Honolulu"
407,"HDT",-34200,1,"Pacific/Honolulu"
407,"HST",-36000,0,"Pacific/Honolulu"
408,"LMT",-13484,0,"America/Montevideo"
408,"MMT",-13484,0,"America/Montevideo"
408,"-0330",-12600,0,"America/Montevideo"
408,"-03",-10800,1,"America/Montevideo"
408,"-02",-7200,1,"America/Montevideo"
408,"-03",-10800,0,"America/Montevideo"
408,"-0230",-9000,1,"America/Montevideo"
409,"LMT",16073,0,"Asia/Samarkand"
409,"+04",14400,0,"Asia/Samarkand"
409,"+05",18000,0,"Asia/Samarkand"
409,"+06",21600,1,"Asia/Samarkand"
410,"LMT",16631,0,"Asia/Tashkent"
410,"+05",18000,0,"Asia/Tashkent"
410,"+06",21600,0,"Asia/Tashkent"
410,"+07",25200,1,"Asia/Tashkent"
411,"LMT",2996,0,"Europe/Vatican"
411,"RMT",2996,0,"Europe/Vatican"
411,"CET",3600,0,"Europe/Vatican"
411,"CEST",7200,1,"Europe/Vatican"
412,"LMT",-14764,0,"America/St_Vincent"
412,"AST",-14400,0,"America/St_Vincent"
413,"LMT",-16064,0,"America/Caracas"
413,"CMT",-16060,0,"America/Caracas"
413,"-0430",-16200,0,"America/Caracas"
413,"-04",-14400,0,"America/Caracas"
414,"LMT",-14764,0,"America/Tortola"
414,"AST",-14400,0,"America/Tortola"
415,"LMT",-14764,0,"America/St_Thomas"
415,"AST",-14400,0,"America/St_Thomas"
416,"LMT",25600,0,"Asia/Ho_Chi_Minh"
416,"PLMT",25590,0,"Asia/Ho_Chi_Minh"
416,"+07",25200,0,"Asia/Ho_Chi_Minh"
416,"+08",28800,0,"Asia/Ho_Chi_Minh"
416,"+09",32400,0,"Asia/Ho_Chi_Minh"
417,"LMT",40396,0,"Pacific/Efate"
417,"+11",39600,0,"Pacific/Efate"
417,"+12",43200,1,"Pacific/Efate"
418,"LMT",44120,0,"Pacific/Wallis"
418,"+12",43200,0,"Pacific/Wallis"
419,"LMT",45184,0,"Pacific/Apia"
419,"LMT",-41216,0,"Pacific/Apia"
419,"-1130",-41400,0,"Pacific/Apia"
419,"-11",-39600,0,"Pacific/Apia"
419,"-10",-36000,1,"Pacific/Apia"
419,"+14",50400,1,"Pacific/Apia"
419,"+13",46800,0,"Pacific/Apia"
420,"LMT",11212,0,"Asia/Aden"
420,"+03",10800,0,"Asia/Aden"
421,"LMT",8836,0,"Indian/Mayotte"
421,"EAT",10800,0,"Indian/Mayotte"
421,"+0230",9000,0,"Indian/Mayotte"
421,"+0245",9900,0,"Indian/Mayotte"
422,"LMT",6720,0,"Africa/Johannesburg"
422,"SAST",5400,0,"Africa/Johannesburg"
422,"SAST",7200,0,"Africa/Johannesburg"
422,"SAST",10800,1,"Africa/Johannesburg"
423,"LMT",7820,0,"Africa/Lusaka"
423,"CAT",7200,0,"Africa/Lusaka"
424,"LMT",7820,0,"Africa/Harare"
424,"CAT",7200,0,"Africa/Harare"
